id,genre
0,'Adventure'
0, 'RPG'
1,'Adventure'
1, 'Brawler'
1, 'Indie'
1, 'RPG'
2,'Adventure'
2, 'RPG'
3,'Adventure'
3, 'Indie'
3, 'RPG'
3, 'Turn Based Strategy'
4,'Adventure'
4, 'Indie'
4, 'Platform'
5,'Adventure'
5, 'Simulator'
6,'Adventure'
6, 'Indie'
6, 'RPG'
6, 'Turn Based Strategy'
7,'Adventure'
7, 'Platform'
8,'Indie'
8, 'Strategy'
9,'Brawler'
9, 'RPG'
10,'Adventure'
10, 'RPG'
10, 'Turn Based Strategy'
11,'Adventure'
11, 'Indie'
12,'Adventure'
12, 'Brawler'
12, 'RPG'
13,'Adventure'
13, 'Platform'
13, 'Puzzle'
13, 'Shooter'
14,'Adventure'
14, 'RPG'
15,'Adventure'
15, 'Indie'
15, 'Platform'
16,'Adventure'
16, 'Brawler'
16, 'RPG'
16, 'Simulator'
17,'Adventure'
17, 'RPG'
17, 'Shooter'
18,'Platform'
18, 'Puzzle'
18, 'Shooter'
19,'Adventure'
19, 'Platform'
20,'Adventure'
20, 'RPG'
20, 'Turn Based Strategy'
21,'Adventure'
21, 'Brawler'
21, 'Music'
21, 'Platform'
22,'Adventure'
22, 'Brawler'
22, 'Shooter'
22, 'Strategy'
23,'Adventure'
23, 'Shooter'
24,'Adventure'
24, 'RPG'
24, 'Shooter'
25,'Adventure'
25, 'Brawler'
26,'Adventure'
26, 'RPG'
27,'Adventure'
27, 'Platform'
28,'Adventure'
28, 'Indie'
28, 'RPG'
29,'Adventure'
29, 'Brawler'
30,'Adventure'
30, 'RPG'
31,'Adventure'
31, 'RPG'
32,'Adventure'
32, 'Platform'
33,'Fighting'
33, 'Platform'
34,'Arcade'
34, 'Indie'
34, 'Platform'
34, 'Shooter'
35,'Adventure'
35, 'Brawler'
36,'Adventure'
36, 'RPG'
36, 'Turn Based Strategy'
37,'Adventure'
37, 'RPG'
37, 'Simulator'
37, 'Visual Novel'
38,'Adventure'
38, 'RPG'
39,'Adventure'
39, 'Indie'
40,'Adventure'
40, 'Shooter'
41,'Adventure'
41, 'Platform'
42,'RPG'
42, 'Shooter'
43,'Adventure'
43, 'Indie'
43, 'Puzzle'
43, 'Simulator'
44,'Adventure'
44, 'Shooter'
45,'Shooter'
46,'Adventure'
46, 'RPG'
46, 'Turn Based Strategy'
47,'Brawler'
47, 'Shooter'
48,'Indie'
48, 'RPG'
48, 'Simulator'
48, 'Strategy'
49,'Adventure'
49, 'Shooter'
50,'Adventure'
50, 'Puzzle'
51,'Adventure'
51, 'RPG'
52,'Adventure'
52, 'RPG'
52, 'Turn Based Strategy'
53,'Shooter'
54,'Adventure'
54, 'RPG'
55,'Indie'
55, 'Platform'
55, 'Shooter'
55, 'Visual Novel'
56,'Adventure'
56, 'Brawler'
57,'Shooter'
58,'Shooter'
59,'Adventure'
59, 'RPG'
60,'Adventure'
60, 'Platform'
61,'Adventure'
61, 'Card & Board Game'
61, 'Indie'
61, 'Puzzle'
61, 'Strategy'
62,'Adventure'
62, 'Indie'
62, 'Puzzle'
62, 'RPG'
63,'Adventure'
63, 'RPG'
64,'Adventure'
64, 'RPG'
65,'Adventure'
65, 'Indie'
65, 'RPG'
65, 'Turn Based Strategy'
66,'Adventure'
66, 'RPG'
67,'Adventure'
68,'Adventure'
68, 'Platform'
69,'Adventure'
69, 'RPG'
69, 'Shooter'
70,'Adventure'
70, 'Brawler'
71,'Adventure'
71, 'RPG'
72,'Adventure'
72, 'RPG'
72, 'Turn Based Strategy'
73,'Adventure'
73, 'Platform'
73, 'RPG'
74,'Adventure'
74, 'Platform'
74, 'Shooter'
75,'Adventure'
75, 'Platform'
76,'Adventure'
77,'Adventure'
78,'Adventure'
78, 'Shooter'
79,'Adventure'
79, 'Indie'
79, 'Platform'
79, 'RPG'
79, 'Strategy'
80,'Adventure'
80, 'Shooter'
81,'Adventure'
81, 'Shooter'
81, 'Tactical'
82,'Shooter'
82, 'Strategy'
83,'Shooter'
84,'Adventure'
84, 'RPG'
84, 'Strategy'
84, 'Tactical'
84, 'Turn Based Strategy'
85,'Adventure'
85, 'Racing'
85, 'Shooter'
86,'Adventure'
86, 'Simulator'
86, 'Strategy'
86, 'Tactical'
87,'RPG'
87, 'Simulator'
87, 'Visual Novel'
88,'Brawler'
89,'Arcade'
89, 'Racing'
90,'Adventure'
90, 'RPG'
90, 'Strategy'
90, 'Tactical'
90, 'Turn Based Strategy'
91,'Adventure'
91, 'RPG'
91, 'Turn Based Strategy'
92,'Arcade'
92, 'Indie'
92, 'Shooter'
93,'Indie'
93, 'Platform'
94,'Adventure'
94, 'Platform'
95,'Adventure'
95, 'Platform'
95, 'Shooter'
96,'Adventure'
96, 'Shooter'
97,'Adventure'
97, 'Brawler'
98,'Adventure'
98, 'Platform'
99,'RPG'
99, 'Turn Based Strategy'
100,'Fighting'
101,'RPG'
102,'Adventure'
102, 'Puzzle'
102, 'Shooter'
103,'Adventure'
103, 'RPG'
103, 'Shooter'
104,'Adventure'
104, 'Point-and-Click'
104, 'Visual Novel'
105,'Adventure'
105, 'Brawler'
105, 'Indie'
105, 'RPG'
105, 'Simulator'
105, 'Strategy'
106,'Adventure'
106, 'Platform'
107,'Adventure'
107, 'RPG'
107, 'Shooter'
108,'Shooter'
109,'MOBA'
109, 'RPG'
109, 'Strategy'
110,'Adventure'
110, 'Shooter'
111,'Adventure'
111, 'Indie'
111, 'Visual Novel'
112,'Adventure'
112, 'Brawler'
113,'Adventure'
113, 'Brawler'
113, 'RPG'
114,'Adventure'
114, 'Point-and-Click'
114, 'Puzzle'
114, 'Visual Novel'
115,'Shooter'
116,'Adventure'
116, 'RPG'
117,'Platform'
117, 'Shooter'
118,'Arcade'
119,'Adventure'
119, 'Arcade'
119, 'Indie'
119, 'Platform'
119, 'Strategy'
120,'Adventure'
120, 'RPG'
121,'Adventure'
121, 'RPG'
122,'Adventure'
122, 'Shooter'
123,'Adventure'
123, 'Platform'
123, 'Puzzle'
124,'Arcade'
124, 'Brawler'
124, 'Indie'
125,'Brawler'
125, 'Indie'
126,'Platform'
127,'Adventure'
127, 'RPG'
128,'Adventure'
128, 'Shooter'
128, 'Tactical'
129,'Adventure'
129, 'Platform'
130,'Adventure'
130, 'RPG'
131,'Adventure'
131, 'Shooter'
132,'Shooter'
133,'RPG'
134,'Adventure'
134, 'Shooter'
135,'Platform'
136,'Indie'
136, 'Racing'
136, 'Sport'
137,'Adventure'
137, 'Brawler'
138,'Brawler'
139,'Adventure'
139, 'RPG'
139, 'Turn Based Strategy'
140,'Fighting'
141,'Simulator'
141, 'Sport'
142,'Adventure'
142, 'RPG'
143,'Racing'
144,'Adventure'
144, 'Shooter'
145,'Indie'
145, 'Point-and-Click'
145, 'Puzzle'
145, 'Simulator'
146,'Adventure'
146, 'RPG'
146, 'Shooter'
147,'Adventure'
147, 'RPG'
148,'Adventure'
148, 'Indie'
148, 'RPG'
148, 'Turn Based Strategy'
149,'Adventure'
149, 'RPG'
149, 'Shooter'
150,'Adventure'
150, 'Platform'
150, 'Puzzle'
150, 'Shooter'
151,'Adventure'
151, 'Platform'
152,'Adventure'
152, 'Platform'
153,'Adventure'
153, 'Indie'
153, 'Puzzle'
154,'Adventure'
154, 'Brawler'
154, 'RPG'
155,'Adventure'
155, 'RPG'
155, 'Turn Based Strategy'
156,'Brawler'
156, 'RPG'
157,'Adventure'
157, 'Platform'
158,'Adventure'
158, 'RPG'
158, 'Turn Based Strategy'
159,'Shooter'
160,'Adventure'
160, 'Platform'
161,'Adventure'
161, 'Platform'
161, 'Puzzle'
162,'Adventure'
162, 'RPG'
163,'Adventure'
163, 'Brawler'
163, 'Strategy'
164,'Adventure'
164, 'Puzzle'
165,'Adventure'
165, 'RPG'
166,'Adventure'
166, 'Brawler'
166, 'RPG'
167,'Adventure'
167, 'Indie'
167, 'Platform'
167, 'Puzzle'
168,'Adventure'
168, 'RPG'
168, 'Turn Based Strategy'
169,'Adventure'
169, 'RPG'
170,'Adventure'
170, 'Shooter'
171,'Adventure'
171, 'Racing'
171, 'Shooter'
172,'Adventure'
172, 'Platform'
172, 'Shooter'
173,'Adventure'
173, 'RPG'
174,'Adventure'
174, 'Point-and-Click'
174, 'Visual Novel'
175,'RPG'
175, 'Turn Based Strategy'
176,'Shooter'
177,'Adventure'
177, 'Platform'
177, 'Shooter'
178,'Adventure'
178, 'RPG'
179,'Adventure'
179, 'Indie'
179, 'Simulator'
179, 'Visual Novel'
180,'Adventure'
180, 'Indie'
180, 'Platform'
181,'Adventure'
181, 'Shooter'
182,'Adventure'
182, 'Simulator'
183,'Fighting'
183, 'Indie'
183, 'Puzzle'
183, 'Shooter'
183, 'Tactical'
184,'Puzzle'
184, 'Real Time Strategy'
184, 'Simulator'
184, 'Strategy'
184, 'Tactical'
185,'Adventure'
185, 'Platform'
185, 'Puzzle'
186,'Adventure'
186, 'RPG'
187,'Adventure'
187, 'RPG'
188,'Adventure'
189,'Adventure'
189, 'Platform'
190,'Adventure'
190, 'RPG'
191,'Shooter'
192,'Adventure'
192, 'Platform'
192, 'Shooter'
193,'Adventure'
193, 'RPG'
193, 'Turn Based Strategy'
194,'Adventure'
194, 'Indie'
195,'Adventure'
196,'Adventure'
196, 'Puzzle'
196, 'Visual Novel'
197,'Adventure'
197, 'Puzzle'
198,'Adventure'
198, 'RPG'
199,'Adventure'
199, 'RPG'
199, 'Turn Based Strategy'
200,'Adventure'
200, 'Brawler'
200, 'Platform'
201,'Adventure'
201, 'RPG'
201, 'Shooter'
202,'Racing'
203,'Adventure'
203, 'RPG'
203, 'Shooter'
203, 'Strategy'
204,'Brawler'
205,'Adventure'
205, 'Platform'
206,'Adventure'
206, 'Platform'
207,'Shooter'
208,'Adventure'
208, 'RPG'
209,'Adventure'
209, 'Platform'
209, 'Shooter'
210,'Adventure'
210, 'Indie'
211,'Shooter'
212,'Adventure'
212, 'Platform'
213,'Adventure'
213, 'Indie'
213, 'RPG'
214,'Adventure'
214, 'RPG'
214, 'Simulator'
215,'Indie'
215, 'Simulator'
216,'Adventure'
216, 'Shooter'
217,'RPG'
217, 'Shooter'
218,'Adventure'
218, 'RPG'
218, 'Shooter'
219,'RPG'
220,'Adventure'
220, 'Arcade'
220, 'Indie'
220, 'Shooter'
221,'Adventure'
221, 'Indie'
221, 'Visual Novel'
222,'Adventure'
222, 'Indie'
222, 'Platform'
223,'Adventure'
223, 'Indie'
224,'Adventure'
224, 'RPG'
225,'Adventure'
225, 'Brawler'
225, 'Indie'
225, 'Platform'
225, 'RPG'
226,'Adventure'
226, 'RPG'
226, 'Strategy'
227,'Indie'
227, 'Point-and-Click'
227, 'Simulator'
228,'Adventure'
228, 'Shooter'
229,'Adventure'
229, 'Brawler'
229, 'Shooter'
230,'Adventure'
230, 'Shooter'
231,'Adventure'
231, 'Indie'
231, 'Platform'
232,'Adventure'
232, 'RPG'
232, 'Shooter'
232, 'Strategy'
233,'Adventure'
233, 'Indie'
233, 'Puzzle'
234,'Adventure'
234, 'RPG'
235,'Adventure'
235, 'Platform'
236,'Arcade'
236, 'Puzzle'
237,'Shooter'
237, 'Tactical'
238,'Adventure'
238, 'Platform'
239,'Adventure'
239, 'Platform'
239, 'Shooter'
240,'Adventure'
240, 'Visual Novel'
241,'Adventure'
241, 'Indie'
242,'Shooter'
243,'Adventure'
243, 'Indie'
243, 'Point-and-Click'
243, 'Simulator'
243, 'Strategy'
244,'Adventure'
244, 'Platform'
245,'Adventure'
245, 'RPG'
245, 'Turn Based Strategy'
246,'Adventure'
246, 'Indie'
247,'Adventure'
247, 'Shooter'
247, 'Tactical'
248,'Adventure'
248, 'Indie'
248, 'Platform'
248, 'Puzzle'
248, 'RPG'
249,'Fighting'
249, 'Platform'
250,'Platform'
251,'Fighting'
252,'Adventure'
252, 'Visual Novel'
253,'Adventure'
253, 'Brawler'
253, 'Platform'
253, 'RPG'
253, 'Shooter'
254,'Adventure'
254, 'Indie'
254, 'Puzzle'
254, 'Shooter'
255,'Adventure'
256,'RPG'
256, 'Simulator'
256, 'Visual Novel'
257,'Puzzle'
257, 'Quiz/Trivia'
258,'RPG'
258, 'Simulator'
259,'Adventure'
259, 'Shooter'
259, 'Tactical'
260,'Adventure'
260, 'Platform'
260, 'Strategy'
261,'Adventure'
261, 'Indie'
261, 'Point-and-Click'
261, 'Puzzle'
261, 'RPG'
262,'Indie'
262, 'Puzzle'
262, 'Strategy'
263,'Adventure'
263, 'RPG'
264,'Fighting'
264, 'Platform'
265,'Adventure'
265, 'Platform'
266,'Shooter'
267,'Adventure'
267, 'Brawler'
267, 'RPG'
268,'Adventure'
268, 'Platform'
269,'Adventure'
269, 'Puzzle'
269, 'Simulator'
269, 'Visual Novel'
270,'Adventure'
270, 'Platform'
270, 'Shooter'
271,'Adventure'
271, 'RPG'
272,'Adventure'
272, 'Brawler'
273,'Adventure'
273, 'Platform'
274,'Adventure'
274, 'Puzzle'
275,'Adventure'
275, 'Puzzle'
276,'Adventure'
276, 'Platform'
276, 'Shooter'
277,'Adventure'
277, 'RPG'
278,'Adventure'
278, 'Platform'
279,'Adventure'
280,'Adventure'
280, 'RPG'
280, 'Turn Based Strategy'
281,'Adventure'
281, 'Indie'
281, 'Point-and-Click'
281, 'RPG'
281, 'Simulator'
281, 'Visual Novel'
282,'RPG'
282, 'Shooter'
283,'Adventure'
283, 'Indie'
283, 'Platform'
284,'Platform'
285,'Adventure'
285, 'Shooter'
286,'Platform'
286, 'RPG'
287,'Adventure'
287, 'Platform'
287, 'Shooter'
288,'Adventure'
288, 'Shooter'
289,'Adventure'
289, 'RPG'
289, 'Shooter'
290,'Adventure'
290, 'Indie'
290, 'Simulator'
291,'Adventure'
291, 'RPG'
292,'Adventure'
292, 'Shooter'
293,'Adventure'
293, 'Shooter'
293, 'Tactical'
294,'Music'
295,'Indie'
295, 'Music'
296,'Adventure'
296, 'RPG'
297,'Adventure'
297, 'RPG'
298,'Brawler'
298, 'RPG'
298, 'Simulator'
298, 'Strategy'
298, 'Tactical'
299,'Fighting'
300,'Adventure'
300, 'RPG'
300, 'Strategy'
300, 'Turn Based Strategy'
301,'Adventure'
301, 'Platform'
301, 'RPG'
302,'Adventure'
302, 'Brawler'
303,'Adventure'
303, 'Brawler'
304,'RPG'
305,'Adventure'
305, 'RPG'
306,'Adventure'
306, 'Indie'
306, 'Puzzle'
307,'Brawler'
307, 'RPG'
308,'Platform'
309,'RPG'
309, 'Strategy'
309, 'Tactical'
310,'Adventure'
310, 'Brawler'
310, 'Puzzle'
311,'Adventure'
311, 'Platform'
312,'Adventure'
312, 'RPG'
312, 'Strategy'
312, 'Turn Based Strategy'
313,'Adventure'
313, 'RPG'
314,'Shooter'
315,'Fighting'
316,'Arcade'
317,'Adventure'
318,'Adventure'
318, 'RPG'
318, 'Simulator'
318, 'Strategy'
318, 'Turn Based Strategy'
319,'Adventure'
319, 'Indie'
319, 'Platform'
319, 'Simulator'
320,'Adventure'
320, 'Platform'
320, 'Puzzle'
321,'Adventure'
321, 'RPG'
321, 'Shooter'
322,'Strategy'
322, 'Tactical'
323,'Adventure'
323, 'Arcade'
323, 'Indie'
323, 'Music'
324,'Adventure'
324, 'RPG'
324, 'Shooter'
325,'Fighting'
325, 'Visual Novel'
326,'Adventure'
326, 'RPG'
327,'Adventure'
327, 'Brawler'
327, 'Indie'
327, 'RPG'
328,'Adventure'
328, 'RPG'
329,'Adventure'
329, 'Indie'
329, 'RPG'
329, 'Turn Based Strategy'
330,'Adventure'
330, 'Indie'
330, 'Platform'
331,'Adventure'
331, 'Simulator'
332,'Adventure'
332, 'Indie'
332, 'RPG'
332, 'Turn Based Strategy'
333,'Adventure'
333, 'Platform'
334,'Indie'
334, 'Strategy'
335,'Brawler'
335, 'RPG'
336,'Adventure'
336, 'RPG'
336, 'Turn Based Strategy'
337,'Adventure'
337, 'Indie'
338,'Adventure'
338, 'Brawler'
338, 'RPG'
339,'Adventure'
339, 'Platform'
339, 'Puzzle'
339, 'Shooter'
340,'Adventure'
340, 'RPG'
341,'Adventure'
341, 'Indie'
341, 'Platform'
342,'Adventure'
342, 'Brawler'
342, 'RPG'
342, 'Simulator'
343,'Adventure'
343, 'RPG'
343, 'Shooter'
344,'Platform'
344, 'Puzzle'
344, 'Shooter'
345,'Adventure'
345, 'Platform'
346,'Adventure'
346, 'RPG'
346, 'Turn Based Strategy'
347,'Adventure'
347, 'Brawler'
347, 'Music'
347, 'Platform'
348,'Adventure'
348, 'Brawler'
348, 'Shooter'
348, 'Strategy'
349,'Adventure'
349, 'Shooter'
350,'Adventure'
350, 'RPG'
350, 'Shooter'
351,'Adventure'
351, 'Brawler'
352,'Adventure'
352, 'RPG'
353,'Adventure'
353, 'Platform'
354,'Adventure'
354, 'Indie'
354, 'RPG'
355,'Adventure'
355, 'Brawler'
356,'Adventure'
356, 'RPG'
357,'Adventure'
357, 'RPG'
358,'Adventure'
358, 'Platform'
359,'Fighting'
359, 'Platform'
360,'Arcade'
360, 'Indie'
360, 'Platform'
360, 'Shooter'
361,'Adventure'
361, 'Brawler'
362,'Adventure'
362, 'RPG'
362, 'Turn Based Strategy'
363,'Adventure'
363, 'RPG'
363, 'Simulator'
363, 'Visual Novel'
364,'Adventure'
364, 'RPG'
365,'Adventure'
365, 'Indie'
366,'Adventure'
366, 'Shooter'
367,'Adventure'
367, 'Platform'
368,'RPG'
368, 'Shooter'
369,'Adventure'
369, 'Indie'
369, 'Puzzle'
369, 'Simulator'
370,'Adventure'
370, 'Shooter'
371,'Shooter'
372,'Adventure'
372, 'RPG'
372, 'Turn Based Strategy'
373,'Brawler'
373, 'Shooter'
374,'Indie'
374, 'RPG'
374, 'Simulator'
374, 'Strategy'
375,'Adventure'
375, 'Shooter'
376,'Adventure'
376, 'Puzzle'
377,'Adventure'
377, 'RPG'
378,'Adventure'
378, 'RPG'
378, 'Turn Based Strategy'
379,'Shooter'
380,'Adventure'
380, 'RPG'
381,'Indie'
381, 'Platform'
381, 'Shooter'
381, 'Visual Novel'
382,'Adventure'
382, 'Brawler'
383,'Shooter'
384,'Shooter'
385,'Adventure'
385, 'RPG'
386,'Adventure'
386, 'Platform'
387,'Adventure'
387, 'Card & Board Game'
387, 'Indie'
387, 'Puzzle'
387, 'Strategy'
388,'Adventure'
388, 'Indie'
388, 'Puzzle'
388, 'RPG'
389,'Adventure'
389, 'RPG'
390,'Adventure'
390, 'RPG'
391,'Arcade'
391, 'Indie'
391, 'RPG'
392,'Adventure'
392, 'Brawler'
393,'Adventure'
393, 'Brawler'
393, 'RPG'
394,'Adventure'
394, 'Point-and-Click'
394, 'Puzzle'
394, 'Visual Novel'
395,'Shooter'
396,'Adventure'
396, 'RPG'
397,'Platform'
397, 'Shooter'
398,'Arcade'
399,'Adventure'
399, 'Arcade'
399, 'Indie'
399, 'Platform'
399, 'Strategy'
400,'Adventure'
400, 'RPG'
401,'Adventure'
401, 'RPG'
402,'Adventure'
402, 'Shooter'
403,'Adventure'
403, 'Platform'
403, 'Puzzle'
404,'Arcade'
404, 'Brawler'
404, 'Indie'
405,'Adventure'
405, 'Platform'
406,'RPG'
406, 'Shooter'
407,'Adventure'
407, 'Shooter'
408,'Adventure'
408, 'Puzzle'
408, 'RPG'
409,'Adventure'
409, 'Puzzle'
410,'Fighting'
410, 'Platform'
411,'RPG'
411, 'Shooter'
412,'Adventure'
412, 'Brawler'
413,'Adventure'
413, 'Brawler'
413, 'RPG'
414,'Brawler'
414, 'Indie'
415,'Platform'
416,'Adventure'
416, 'RPG'
417,'Adventure'
417, 'Shooter'
417, 'Tactical'
418,'Adventure'
418, 'Platform'
419,'Adventure'
419, 'RPG'
420,'Adventure'
420, 'Shooter'
421,'Shooter'
422,'RPG'
423,'Adventure'
423, 'Shooter'
424,'Platform'
425,'Indie'
425, 'Racing'
425, 'Sport'
426,'Adventure'
426, 'Brawler'
427,'Brawler'
428,'Adventure'
428, 'RPG'
428, 'Turn Based Strategy'
429,'Fighting'
430,'Simulator'
430, 'Sport'
431,'Adventure'
431, 'RPG'
432,'Racing'
433,'Adventure'
433, 'Shooter'
434,'Indie'
434, 'Point-and-Click'
434, 'Puzzle'
434, 'Simulator'
435,'Adventure'
435, 'RPG'
435, 'Shooter'
436,'Adventure'
436, 'RPG'
437,'Adventure'
437, 'Indie'
437, 'RPG'
437, 'Turn Based Strategy'
438,'Adventure'
438, 'RPG'
438, 'Shooter'
439,'Adventure'
439, 'Platform'
439, 'Puzzle'
439, 'Shooter'
440,'Adventure'
440, 'Platform'
441,'Adventure'
441, 'Platform'
442,'Adventure'
442, 'Indie'
442, 'Puzzle'
443,'Adventure'
443, 'Brawler'
443, 'RPG'
444,'Adventure'
444, 'RPG'
444, 'Turn Based Strategy'
445,'Brawler'
445, 'RPG'
446,'Adventure'
446, 'Platform'
447,'Adventure'
447, 'RPG'
447, 'Turn Based Strategy'
448,'Shooter'
449,'Adventure'
449, 'Platform'
450,'Adventure'
450, 'Platform'
450, 'Puzzle'
451,'Adventure'
451, 'RPG'
452,'Adventure'
452, 'Platform'
452, 'Puzzle'
453,'Adventure'
453, 'RPG'
454,'Adventure'
454, 'RPG'
455,'Adventure'
456,'Adventure'
456, 'Platform'
457,'Adventure'
457, 'RPG'
458,'Shooter'
459,'Adventure'
459, 'Platform'
459, 'Shooter'
460,'Adventure'
460, 'RPG'
460, 'Turn Based Strategy'
461,'Adventure'
461, 'Indie'
462,'Adventure'
463,'Adventure'
463, 'Puzzle'
463, 'Visual Novel'
464,'Adventure'
464, 'Puzzle'
465,'Adventure'
465, 'RPG'
466,'Adventure'
466, 'RPG'
466, 'Turn Based Strategy'
467,'Adventure'
467, 'Brawler'
467, 'Platform'
468,'Adventure'
468, 'RPG'
468, 'Shooter'
469,'Racing'
470,'Adventure'
470, 'RPG'
470, 'Shooter'
470, 'Strategy'
471,'Brawler'
472,'Adventure'
472, 'Platform'
473,'Adventure'
473, 'Platform'
474,'Shooter'
475,'Adventure'
475, 'RPG'
476,'Adventure'
476, 'Platform'
476, 'Shooter'
477,'Adventure'
477, 'Indie'
478,'Shooter'
479,'Adventure'
479, 'Platform'
480,'Adventure'
480, 'Indie'
480, 'RPG'
481,'Adventure'
481, 'RPG'
481, 'Simulator'
482,'Indie'
482, 'Simulator'
483,'Adventure'
483, 'Shooter'
484,'RPG'
484, 'Shooter'
485,'Adventure'
485, 'RPG'
485, 'Shooter'
486,'RPG'
487,'Adventure'
487, 'Arcade'
487, 'Indie'
487, 'Shooter'
488,'Adventure'
488, 'Indie'
488, 'Visual Novel'
489,'Adventure'
489, 'Indie'
489, 'Platform'
490,'Adventure'
490, 'Indie'
491,'Adventure'
491, 'RPG'
492,'Adventure'
492, 'Brawler'
492, 'Indie'
492, 'Platform'
492, 'RPG'
493,'Adventure'
493, 'RPG'
493, 'Strategy'
494,'Indie'
494, 'Point-and-Click'
494, 'Simulator'
495,'Adventure'
495, 'Shooter'
496,'Adventure'
496, 'Brawler'
496, 'Shooter'
497,'Adventure'
497, 'Shooter'
498,'Adventure'
498, 'Indie'
498, 'Platform'
499,'Adventure'
499, 'RPG'
499, 'Shooter'
499, 'Strategy'
500,'Adventure'
500, 'Indie'
500, 'Puzzle'
501,'Adventure'
501, 'RPG'
502,'Adventure'
502, 'Platform'
503,'Arcade'
503, 'Puzzle'
504,'Shooter'
504, 'Tactical'
505,'Adventure'
505, 'Platform'
506,'Adventure'
506, 'Platform'
506, 'Shooter'
507,'Adventure'
507, 'Visual Novel'
508,'Adventure'
508, 'Indie'
509,'Shooter'
510,'Adventure'
510, 'Indie'
510, 'Point-and-Click'
510, 'Simulator'
510, 'Strategy'
511,'Adventure'
511, 'Platform'
512,'Platform'
513,'Adventure'
513, 'Shooter'
514,'Adventure'
514, 'Visual Novel'
515,'Adventure'
515, 'Indie'
516,'Adventure'
516, 'Arcade'
516, 'Indie'
516, 'RPG'
516, 'Shooter'
517,'Adventure'
518,'Adventure'
518, 'Puzzle'
519,'Racing'
520,'Adventure'
520, 'Brawler'
520, 'Indie'
520, 'RPG'
521,'Adventure'
521, 'Indie'
521, 'Platform'
521, 'RPG'
522,'Card & Board Game'
523,'Adventure'
524,'Racing'
525,'RPG'
525, 'Turn Based Strategy'
526,'Adventure'
526, 'Indie'
526, 'Point-and-Click'
526, 'Puzzle'
527,'Adventure'
527, 'Puzzle'
528,'Adventure'
528, 'RPG'
529,'Adventure'
529, 'Indie'
529, 'RPG'
529, 'Strategy'
529, 'Turn Based Strategy'
530,'Adventure'
530, 'Shooter'
531,'Adventure'
531, 'Music'
531, 'Shooter'
532,'Adventure'
532, 'RPG'
532, 'Turn Based Strategy'
533,'Adventure'
533, 'Indie'
534,'Adventure'
534, 'Shooter'
534, 'Tactical'
535,'Adventure'
535, 'Indie'
535, 'Platform'
535, 'Puzzle'
535, 'RPG'
536,'Fighting'
536, 'Platform'
537,'Platform'
538,'Fighting'
539,'Adventure'
539, 'Visual Novel'
540,'Adventure'
540, 'Brawler'
540, 'Platform'
540, 'RPG'
540, 'Shooter'
541,'Adventure'
541, 'Indie'
541, 'Puzzle'
541, 'Shooter'
542,'Adventure'
543,'RPG'
543, 'Simulator'
543, 'Visual Novel'
544,'Puzzle'
544, 'Quiz/Trivia'
545,'RPG'
545, 'Simulator'
546,'Adventure'
546, 'Shooter'
546, 'Tactical'
547,'Adventure'
547, 'Platform'
547, 'Strategy'
548,'Adventure'
548, 'Indie'
548, 'Point-and-Click'
548, 'Puzzle'
548, 'RPG'
549,'Indie'
549, 'Puzzle'
549, 'Strategy'
550,'Adventure'
550, 'RPG'
551,'Fighting'
551, 'Platform'
552,'Adventure'
552, 'Platform'
553,'Shooter'
554,'Adventure'
554, 'Brawler'
554, 'RPG'
555,'Adventure'
555, 'Platform'
556,'Adventure'
556, 'Puzzle'
556, 'Simulator'
556, 'Visual Novel'
557,'Adventure'
557, 'Platform'
557, 'Shooter'
558,'Adventure'
558, 'RPG'
559,'Adventure'
559, 'Brawler'
560,'Adventure'
560, 'Platform'
561,'Adventure'
561, 'Puzzle'
562,'Adventure'
562, 'Puzzle'
563,'Adventure'
563, 'Platform'
563, 'Shooter'
564,'Adventure'
564, 'RPG'
565,'Adventure'
565, 'Platform'
566,'Adventure'
567,'Adventure'
567, 'RPG'
567, 'Turn Based Strategy'
568,'Adventure'
568, 'Indie'
568, 'Point-and-Click'
568, 'RPG'
568, 'Simulator'
568, 'Visual Novel'
569,'RPG'
569, 'Shooter'
570,'Adventure'
570, 'Indie'
570, 'Platform'
571,'Platform'
572,'Shooter'
573,'Adventure'
573, 'RPG'
574,'Adventure'
574, 'Shooter'
575,'Adventure'
575, 'Shooter'
576,'Adventure'
576, 'Simulator'
577,'Shooter'
578,'Adventure'
578, 'Shooter'
579,'Adventure'
579, 'RPG'
579, 'Shooter'
579, 'Simulator'
579, 'Strategy'
580,'Adventure'
580, 'Point-and-Click'
580, 'Puzzle'
581,'Adventure'
581, 'RPG'
582,'Shooter'
583,'Adventure'
583, 'RPG'
584,'Adventure'
584, 'Indie'
584, 'Shooter'
585,'Adventure'
585, 'RPG'
586,'Adventure'
586, 'Indie'
586, 'Shooter'
586, 'Sport'
587,'RPG'
588,'Adventure'
588, 'RPG'
588, 'Strategy'
588, 'Turn Based Strategy'
589,'Card & Board Game'
589, 'Simulator'
589, 'Strategy'
590,'Adventure'
590, 'Fighting'
591,'Arcade'
592,'RPG'
592, 'Strategy'
593,'Fighting'
594,'RPG'
595,'Adventure'
595, 'Brawler'
595, 'RPG'
596,'Adventure'
596, 'Indie'
596, 'Platform'
597,'Adventure'
597, 'RPG'
598,'Adventure'
598, 'Platform'
599,'Arcade'
599, 'Fighting'
600,'Adventure'
600, 'Point-and-Click'
600, 'Puzzle'
601,'RPG'
601, 'Shooter'
602,'Adventure'
602, 'Platform'
603,'Adventure'
603, 'Indie'
603, 'Puzzle'
603, 'RPG'
604,'Shooter'
605,'Adventure'
605, 'Indie'
605, 'Puzzle'
605, 'Simulator'
605, 'Strategy'
606,'Adventure'
606, 'Platform'
607,'Adventure'
607, 'Shooter'
608,'Adventure'
608, 'RPG'
608, 'Turn Based Strategy'
609,'Card & Board Game'
609, 'Indie'
609, 'Puzzle'
609, 'RPG'
609, 'Simulator'
609, 'Strategy'
609, 'Turn Based Strategy'
610,'Card & Board Game'
610, 'Strategy'
611,'Adventure'
611, 'RPG'
612,'Adventure'
612, 'Indie'
612, 'Point-and-Click'
612, 'Simulator'
612, 'Strategy'
613,'Fighting'
614,'Adventure'
614, 'Visual Novel'
615,'Adventure'
615, 'RPG'
616,'Brawler'
617,'RPG'
618,'Adventure'
618, 'Indie'
618, 'Platform'
618, 'RPG'
619,'Adventure'
619, 'Puzzle'
619, 'RPG'
620,'Adventure'
620, 'Platform'
621,'Adventure'
622,'Adventure'
622, 'Platform'
622, 'Shooter'
623,'Shooter'
623, 'Strategy'
624,'Adventure'
624, 'RPG'
625,'Adventure'
625, 'RPG'
626,'Adventure'
626, 'Indie'
626, 'Puzzle'
627,'Brawler'
627, 'RPG'
628,'Platform'
629,'RPG'
629, 'Strategy'
629, 'Tactical'
630,'Adventure'
630, 'Brawler'
630, 'Puzzle'
631,'Adventure'
631, 'Platform'
632,'Sport'
633,'Adventure'
633, 'RPG'
633, 'Strategy'
634,'Shooter'
635,'Simulator'
635, 'Sport'
636,'Racing'
637,'Adventure'
637, 'Puzzle'
637, 'RPG'
637, 'Strategy'
637, 'Visual Novel'
638,'Adventure'
638, 'RPG'
638, 'Shooter'
639,'Music'
639, 'Simulator'
640,'Simulator'
640, 'Strategy'
640, 'Turn Based Strategy'
641,'Adventure'
641, 'Brawler'
641, 'RPG'
642,'Shooter'
643,'RPG'
643, 'Strategy'
643, 'Tactical'
643, 'Turn Based Strategy'
644,'Adventure'
644, 'Indie'
644, 'Music'
644, 'Puzzle'
644, 'RPG'
645,'Fighting'
646,'Adventure'
646, 'Shooter'
647,'Adventure'
647, 'RPG'
647, 'Shooter'
648,'Adventure'
648, 'RPG'
648, 'Simulator'
648, 'Visual Novel'
649,'Adventure'
649, 'Shooter'
650,'Adventure'
650, 'RPG'
651,'Adventure'
651, 'Indie'
651, 'Music'
651, 'RPG'
652,'Adventure'
652, 'Indie'
652, 'Simulator'
652, 'Strategy'
653,'Adventure'
653, 'RPG'
653, 'Strategy'
654,'Adventure'
654, 'Brawler'
655,'Adventure'
655, 'RPG'
655, 'Turn Based Strategy'
656,'RPG'
656, 'Strategy'
656, 'Tactical'
656, 'Turn Based Strategy'
657,'Indie'
657, 'RPG'
657, 'Simulator'
657, 'Strategy'
657, 'Turn Based Strategy'
658,'Adventure'
658, 'Platform'
658, 'Shooter'
659,'Adventure'
659, 'RPG'
659, 'Strategy'
659, 'Visual Novel'
660,'Adventure'
660, 'Indie'
660, 'RPG'
660, 'Visual Novel'
661,'Shooter'
661, 'Strategy'
662,'Adventure'
662, 'Shooter'
663,'Brawler'
663, 'Platform'
664,'Adventure'
664, 'Puzzle'
665,'Shooter'
665, 'Simulator'
666,'Fighting'
667,'Adventure'
667, 'Brawler'
667, 'Shooter'
668,'Adventure'
669,'Adventure'
669, 'Indie'
669, 'Point-and-Click'
669, 'Puzzle'
670,'Brawler'
670, 'RPG'
671,'Adventure'
671, 'Brawler'
671, 'Platform'
671, 'RPG'
672,'Adventure'
672, 'Shooter'
673,'Adventure'
673, 'Brawler'
673, 'Platform'
674,'Adventure'
674, 'Indie'
674, 'Platform'
675,'Platform'
676,'Arcade'
676, 'Platform'
676, 'Shooter'
677,'Adventure'
678,'RPG'
678, 'Strategy'
679,'Platform'
680,'Adventure'
680, 'RPG'
681,'Adventure'
681, 'Platform'
681, 'Puzzle'
682,'Adventure'
682, 'Indie'
683,'RPG'
684,'RPG'
684, 'Turn Based Strategy'
685,'Adventure'
686,'Visual Novel'
687,'Adventure'
687, 'Arcade'
687, 'Brawler'
687, 'Fighting'
688,'Adventure'
688, 'Platform'
689,'Arcade'
689, 'Puzzle'
690,'Adventure'
690, 'Real Time Strategy'
691,'Adventure'
691, 'Visual Novel'
692,'Adventure'
692, 'RPG'
693,'Adventure'
693, 'Platform'
693, 'Shooter'
694,'RPG'
694, 'Strategy'
694, 'Tactical'
695,'Adventure'
695, 'Racing'
695, 'Sport'
696,'Sport'
697,'Adventure'
697, 'Indie'
697, 'Platform'
697, 'Puzzle'
697, 'Strategy'
698,'RPG'
698, 'Shooter'
699,'Adventure'
699, 'RPG'
700,'Card & Board Game'
700, 'Platform'
700, 'Puzzle'
701,'Adventure'
701, 'Indie'
701, 'Point-and-Click'
702,'Adventure'
702, 'Platform'
702, 'Puzzle'
703,'Adventure'
703, 'Puzzle'
704,'Adventure'
705,'Platform'
706,'Adventure'
706, 'RPG'
706, 'Simulator'
707,'Adventure'
707, 'RPG'
708,'Adventure'
709,'Adventure'
709, 'Platform'
710,'Adventure'
710, 'RPG'
711,'Indie'
711, 'Simulator'
712,'Adventure'
712, 'Racing'
712, 'Shooter'
713,
714,'Adventure'
714, 'Platform'
715,'Adventure'
715, 'RPG'
715, 'Shooter'
716,'Adventure'
716, 'RPG'
716, 'Simulator'
716, 'Strategy'
716, 'Tactical'
716, 'Visual Novel'
717,'Adventure'
717, 'Shooter'
717, 'Tactical'
718,'Adventure'
718, 'Racing'
718, 'Shooter'
719,'RPG'
720,'Adventure'
720, 'RPG'
721,'Music'
721, 'Platform'
721, 'Racing'
721, 'Sport'
722,'Arcade'
722, 'Indie'
722, 'Simulator'
722, 'Strategy'
723,'Adventure'
723, 'RPG'
724,'Indie'
724, 'Music'
725,'RPG'
725, 'Strategy'
725, 'Turn Based Strategy'
726,'Adventure'
726, 'Shooter'
727,'Platform'
727, 'Puzzle'
727, 'Shooter'
728,'Adventure'
728, 'RPG'
729,'Adventure'
729, 'Brawler'
729, 'Platform'
730,'Adventure'
730, 'RPG'
730, 'Turn Based Strategy'
731,'Adventure'
731, 'Indie'
731, 'RPG'
732,'Adventure'
732, 'Indie'
732, 'Visual Novel'
733,'Adventure'
733, 'Platform'
734,'Indie'
734, 'RPG'
735,'Adventure'
735, 'RPG'
736,'RPG'
737,'Adventure'
737, 'Brawler'
737, 'Racing'
737, 'Shooter'
738,'Adventure'
738, 'Shooter'
739,'Adventure'
739, 'Indie'
739, 'Puzzle'
740,'Fighting'
741,'Adventure'
741, 'Arcade'
741, 'Platform'
742,'Adventure'
742, 'Brawler'
742, 'Puzzle'
743,'Adventure'
743, 'RPG'
743, 'Shooter'
744,'Arcade'
744, 'Indie'
744, 'Music'
744, 'Puzzle'
745,'Adventure'
745, 'Fighting'
745, 'Shooter'
745, 'Simulator'
745, 'Strategy'
746,'Adventure'
746, 'Brawler'
746, 'RPG'
747,'Adventure'
747, 'Indie'
747, 'Puzzle'
748,'Shooter'
749,'Point-and-Click'
749, 'Puzzle'
749, 'Visual Novel'
750,'Adventure'
751,'Platform'
752,'RPG'
752, 'Strategy'
752, 'Tactical'
753,'Adventure'
753, 'Brawler'
753, 'Indie'
753, 'RPG'
753, 'Simulator'
754,'Adventure'
754, 'Real Time Strategy'
755,'Adventure'
755, 'Indie'
755, 'Point-and-Click'
755, 'Simulator'
755, 'Strategy'
756,'Adventure'
756, 'Simulator'
756, 'Visual Novel'
757,'Adventure'
757, 'RPG'
758,'Adventure'
758, 'Point-and-Click'
758, 'Puzzle'
758, 'RPG'
758, 'Visual Novel'
759,'Adventure'
759, 'Shooter'
760,'RPG'
760, 'Simulator'
760, 'Strategy'
761,'Platform'
762,'Indie'
762, 'RPG'
762, 'Simulator'
762, 'Strategy'
763,'Card & Board Game'
764,'Adventure'
764, 'Simulator'
765,'Simulator'
766,'RPG'
766, 'Strategy'
766, 'Turn Based Strategy'
767,'Adventure'
767, 'Indie'
767, 'Platform'
768,'Adventure'
768, 'RPG'
769,'Indie'
769, 'Strategy'
770,'Adventure'
771,'Adventure'
771, 'RPG'
772,'Adventure'
772, 'RPG'
772, 'Turn Based Strategy'
773,'Fighting'
773, 'Indie'
774,'Shooter'
774, 'Strategy'
775,'Adventure'
775, 'Brawler'
775, 'RPG'
776,'Adventure'
776, 'RPG'
777,'Adventure'
777, 'Brawler'
777, 'Indie'
777, 'RPG'
778,'Adventure'
778, 'RPG'
779,'Adventure'
779, 'Indie'
779, 'RPG'
779, 'Turn Based Strategy'
780,'Adventure'
780, 'Indie'
780, 'Platform'
781,'Adventure'
781, 'Simulator'
782,'Adventure'
782, 'Indie'
782, 'RPG'
782, 'Turn Based Strategy'
783,'Adventure'
783, 'Platform'
784,'Indie'
784, 'Strategy'
785,'Brawler'
785, 'RPG'
786,'Adventure'
786, 'RPG'
786, 'Turn Based Strategy'
787,'Adventure'
787, 'Indie'
788,'Adventure'
788, 'Brawler'
788, 'RPG'
789,'Adventure'
789, 'Platform'
789, 'Puzzle'
789, 'Shooter'
790,'Adventure'
790, 'RPG'
791,'Adventure'
791, 'Indie'
791, 'Platform'
792,'Adventure'
792, 'Brawler'
792, 'RPG'
792, 'Simulator'
793,'Adventure'
793, 'RPG'
793, 'Shooter'
794,'Platform'
794, 'Puzzle'
794, 'Shooter'
795,'Adventure'
795, 'Platform'
796,'Adventure'
796, 'RPG'
796, 'Turn Based Strategy'
797,'Adventure'
797, 'Brawler'
797, 'Music'
797, 'Platform'
798,'Adventure'
798, 'Brawler'
798, 'Shooter'
798, 'Strategy'
799,'Adventure'
799, 'Shooter'
800,'Adventure'
800, 'RPG'
800, 'Shooter'
801,'Adventure'
801, 'Brawler'
802,'Adventure'
802, 'RPG'
803,'Adventure'
803, 'Platform'
804,'Adventure'
804, 'Indie'
804, 'RPG'
805,'Adventure'
805, 'Brawler'
806,'Adventure'
806, 'RPG'
807,'Adventure'
807, 'RPG'
808,'Adventure'
808, 'Platform'
809,'Fighting'
809, 'Platform'
810,'Arcade'
810, 'Indie'
810, 'Platform'
810, 'Shooter'
811,'Adventure'
811, 'Brawler'
812,'Adventure'
812, 'RPG'
812, 'Turn Based Strategy'
813,'Adventure'
813, 'RPG'
813, 'Simulator'
813, 'Visual Novel'
814,'Adventure'
814, 'RPG'
815,'Adventure'
815, 'Indie'
816,'Adventure'
816, 'Shooter'
817,'Adventure'
817, 'Platform'
818,'RPG'
818, 'Shooter'
819,'Adventure'
819, 'Indie'
819, 'Puzzle'
819, 'Simulator'
820,'Adventure'
820, 'Shooter'
821,'Shooter'
822,'Adventure'
822, 'RPG'
822, 'Turn Based Strategy'
823,'Brawler'
823, 'Shooter'
824,'Indie'
824, 'RPG'
824, 'Simulator'
824, 'Strategy'
825,'Adventure'
825, 'Shooter'
826,'Adventure'
826, 'Puzzle'
827,'Adventure'
827, 'RPG'
828,'Adventure'
828, 'RPG'
828, 'Turn Based Strategy'
829,'Shooter'
830,'Adventure'
830, 'RPG'
831,'Indie'
831, 'Platform'
831, 'Shooter'
831, 'Visual Novel'
832,'Adventure'
832, 'Brawler'
833,'Shooter'
834,'Shooter'
835,'Adventure'
835, 'RPG'
836,'Adventure'
836, 'Platform'
837,'Adventure'
837, 'Card & Board Game'
837, 'Indie'
837, 'Puzzle'
837, 'Strategy'
838,'Adventure'
838, 'Indie'
838, 'Puzzle'
838, 'RPG'
839,'Adventure'
839, 'RPG'
840,'Adventure'
840, 'RPG'
841,'Arcade'
841, 'Indie'
841, 'RPG'
842,'Adventure'
842, 'RPG'
842, 'Shooter'
842, 'Strategy'
843,'Indie'
843, 'Platform'
843, 'Sport'
844,'Adventure'
844, 'Platform'
844, 'Puzzle'
845,'Adventure'
845, 'RPG'
845, 'Shooter'
846,'Adventure'
846, 'Tactical'
847,'Adventure'
847, 'RPG'
847, 'Turn Based Strategy'
848,'Simulator'
849,'Adventure'
849, 'Shooter'
850,'Adventure'
850, 'Indie'
850, 'RPG'
850, 'Turn Based Strategy'
851,'Adventure'
851, 'RPG'
852,'Adventure'
852, 'Platform'
853,'Adventure'
853, 'RPG'
853, 'Shooter'
854,'Shooter'
855,'MOBA'
855, 'RPG'
855, 'Strategy'
856,'Adventure'
856, 'Shooter'
857,'Adventure'
857, 'Indie'
857, 'Visual Novel'
858,'Adventure'
858, 'Brawler'
859,'Adventure'
859, 'Brawler'
859, 'RPG'
860,'Adventure'
860, 'Point-and-Click'
860, 'Puzzle'
860, 'Visual Novel'
861,'Shooter'
862,'Adventure'
862, 'RPG'
863,'Platform'
863, 'Shooter'
864,'Arcade'
865,'Adventure'
865, 'Arcade'
865, 'Indie'
865, 'Platform'
865, 'Strategy'
866,'Adventure'
866, 'RPG'
867,'Adventure'
867, 'RPG'
868,'Adventure'
868, 'Shooter'
869,'Adventure'
869, 'Platform'
869, 'Puzzle'
870,'Arcade'
870, 'Brawler'
870, 'Indie'
871,'Adventure'
871, 'Platform'
872,'RPG'
872, 'Shooter'
873,'Adventure'
873, 'Shooter'
874,'Adventure'
874, 'Puzzle'
874, 'RPG'
875,'Adventure'
875, 'Puzzle'
876,'Fighting'
876, 'Platform'
877,'RPG'
877, 'Shooter'
878,'Adventure'
878, 'Brawler'
879,'Adventure'
879, 'Brawler'
879, 'RPG'
880,'Brawler'
880, 'Indie'
881,'Platform'
882,'Adventure'
882, 'RPG'
883,'Adventure'
883, 'Shooter'
883, 'Tactical'
884,'Adventure'
884, 'Platform'
885,'Adventure'
885, 'RPG'
886,'Adventure'
886, 'Shooter'
887,'Shooter'
888,'RPG'
889,'Adventure'
889, 'Shooter'
890,'Platform'
891,'Indie'
891, 'Racing'
891, 'Sport'
892,'Adventure'
892, 'Brawler'
893,'Brawler'
894,'Adventure'
894, 'RPG'
894, 'Turn Based Strategy'
895,'Fighting'
896,'Simulator'
896, 'Sport'
897,'Adventure'
897, 'RPG'
898,'Racing'
899,'Adventure'
899, 'Shooter'
900,'Indie'
900, 'Point-and-Click'
900, 'Puzzle'
900, 'Simulator'
901,'Adventure'
901, 'RPG'
901, 'Shooter'
902,'Adventure'
902, 'RPG'
903,'Adventure'
903, 'Indie'
903, 'RPG'
903, 'Turn Based Strategy'
904,'Adventure'
904, 'RPG'
904, 'Shooter'
905,'Adventure'
905, 'Platform'
905, 'Puzzle'
905, 'Shooter'
906,'Adventure'
906, 'Platform'
907,'Adventure'
907, 'Platform'
908,'Adventure'
908, 'Indie'
908, 'Puzzle'
909,'Adventure'
909, 'Brawler'
909, 'RPG'
910,'Adventure'
910, 'RPG'
910, 'Turn Based Strategy'
911,'Brawler'
911, 'RPG'
912,'Adventure'
912, 'Platform'
912, 'Shooter'
913,'Brawler'
914,'Adventure'
914, 'Platform'
915,'RPG'
916,'Adventure'
916, 'Brawler'
916, 'Indie'
916, 'RPG'
917,'Adventure'
917, 'Brawler'
917, 'Shooter'
918,'Adventure'
918, 'Platform'
919,'Adventure'
919, 'RPG'
920,'RPG'
921,'Adventure'
921, 'Platform'
921, 'Shooter'
922,'Adventure'
922, 'Platform'
923,'Adventure'
923, 'Shooter'
923, 'Tactical'
924,'Adventure'
924, 'RPG'
924, 'Shooter'
925,'Adventure'
925, 'Simulator'
926,'Adventure'
926, 'Shooter'
927,'Arcade'
927, 'RPG'
928,'Adventure'
928, 'Indie'
928, 'Platform'
929,'Adventure'
929, 'Indie'
929, 'Puzzle'
930,'Adventure'
930, 'RPG'
930, 'Strategy'
931,'Adventure'
931, 'Indie'
931, 'Platform'
932,'Adventure'
932, 'Platform'
933,'RPG'
933, 'Shooter'
934,'Adventure'
934, 'Indie'
934, 'Puzzle'
935,'Adventure'
935, 'Brawler'
935, 'RPG'
936,'RPG'
936, 'Shooter'
937,'Adventure'
937, 'Platform'
937, 'Shooter'
938,'Adventure'
938, 'Point-and-Click'
938, 'Puzzle'
938, 'Visual Novel'
939,'Adventure'
939, 'Brawler'
939, 'RPG'
940,'Platform'
941,'Adventure'
941, 'Indie'
941, 'Platform'
941, 'Puzzle'
942,'Adventure'
942, 'Puzzle'
943,'Shooter'
944,'Adventure'
944, 'Point-and-Click'
945,'Racing'
946,'Shooter'
947,'Adventure'
947, 'Brawler'
948,'Adventure'
948, 'Puzzle'
948, 'RPG'
949,'Adventure'
949, 'Indie'
949, 'Point-and-Click'
949, 'Puzzle'
950,'Adventure'
950, 'RPG'
951,'Adventure'
951, 'RPG'
951, 'Strategy'
951, 'Visual Novel'
952,'Adventure'
952, 'Platform'
953,'Adventure'
953, 'Platform'
953, 'Shooter'
954,'Adventure'
954, 'RPG'
955,'Adventure'
955, 'Indie'
955, 'Visual Novel'
956,'Adventure'
956, 'Puzzle'
956, 'RPG'
957,'Adventure'
957, 'RPG'
958,'Adventure'
958, 'RPG'
959,'RPG'
959, 'Simulator'
960,'Adventure'
960, 'Indie'
960, 'Platform'
961,'RPG'
962,'Adventure'
962, 'RPG'
963,'Adventure'
963, 'Platform'
963, 'RPG'
964,'Shooter'
965,'Adventure'
965, 'Arcade'
965, 'Racing'
965, 'Shooter'
966,'Adventure'
966, 'Indie'
966, 'Platform'
967,'Adventure'
967, 'Platform'
967, 'Puzzle'
968,'Adventure'
968, 'RPG'
969,'Adventure'
969, 'RPG'
970,'Adventure'
971,'Adventure'
971, 'Platform'
972,'Adventure'
972, 'RPG'
973,'Adventure'
973, 'Strategy'
974,'Adventure'
974, 'Platform'
975,'Adventure'
975, 'Indie'
975, 'Visual Novel'
976,'Adventure'
976, 'Indie'
976, 'RPG'
977,'Platform'
978,'Adventure'
978, 'Puzzle'
979,'Adventure'
979, 'RPG'
979, 'Shooter'
980,'Adventure'
980, 'RPG'
981,'Adventure'
981, 'Shooter'
982,'Adventure'
982, 'Point-and-Click'
983,'Adventure'
983, 'Shooter'
984,'Adventure'
984, 'Platform'
985,'Adventure'
986,'Brawler'
986, 'Shooter'
987,'Adventure'
987, 'Indie'
987, 'RPG'
987, 'Strategy'
987, 'Turn Based Strategy'
988,'Adventure'
988, 'RPG'
988, 'Shooter'
989,'Adventure'
989, 'Brawler'
989, 'Platform'
990,'Adventure'
991,'Adventure'
991, 'Shooter'
991, 'Tactical'
992,'Platform'
993,'Adventure'
993, 'Brawler'
994,'Adventure'
994, 'Indie'
994, 'Puzzle'
995,'Adventure'
995, 'RPG'
996,'Adventure'
997,'Adventure'
997, 'Brawler'
998,'Shooter'
999,'Platform'
1000,'Adventure'
1000, 'Racing'
1000, 'Shooter'
1000, 'Simulator'
1001,'Indie'
1001, 'Strategy'
1002,'Adventure'
1002, 'Indie'
1002, 'Puzzle'
1002, 'Simulator'
1003,'Adventure'
1003, 'Brawler'
1004,'Platform'
1004, 'Shooter'
1005,'Adventure'
1005, 'RPG'
1005, 'Turn Based Strategy'
1006,'Adventure'
1006, 'Indie'
1007,'Adventure'
1007, 'RPG'
1008,'Adventure'
1008, 'RPG'
1009,'Adventure'
1009, 'Puzzle'
1009, 'Visual Novel'
1010,'Adventure'
1010, 'Brawler'
1011,'Adventure'
1011, 'Shooter'
1012,'Adventure'
1013,'Adventure'
1013, 'Brawler'
1013, 'Platform'
1014,'RPG'
1014, 'Shooter'
1015,'Fighting'
1016,'Adventure'
1016, 'Platform'
1016, 'Puzzle'
1017,'RPG'
1017, 'Turn Based Strategy'
1018,'Adventure'
1018, 'Indie'
1018, 'Puzzle'
1019,'Simulator'
1020,'Adventure'
1020, 'RPG'
1021,'Adventure'
1021, 'RPG'
1022,'Adventure'
1022, 'Platform'
1023,'Adventure'
1023, 'RPG'
1023, 'Shooter'
1024,'Platform'
1025,'Platform'
1026,'Adventure'
1026, 'Shooter'
1027,'Adventure'
1027, 'Visual Novel'
1028,'Adventure'
1028, 'Indie'
1029,'Adventure'
1029, 'Arcade'
1029, 'Indie'
1029, 'RPG'
1029, 'Shooter'
1030,'Adventure'
1031,'Adventure'
1031, 'Puzzle'
1032,'Music'
1033,'Indie'
1033, 'Music'
1034,'Adventure'
1034, 'RPG'
1035,'Adventure'
1035, 'RPG'
1036,'Brawler'
1036, 'RPG'
1036, 'Simulator'
1036, 'Strategy'
1036, 'Tactical'
1037,'Fighting'
1038,'Adventure'
1038, 'RPG'
1038, 'Strategy'
1038, 'Turn Based Strategy'
1039,'Adventure'
1039, 'Platform'
1039, 'RPG'
1040,'Adventure'
1040, 'Brawler'
1041,'Adventure'
1041, 'Brawler'
1042,'RPG'
1043,'Arcade'
1043, 'Racing'
1044,'Adventure'
1044, 'RPG'
1045,'Adventure'
1045, 'Indie'
1045, 'RPG'
1046,'Adventure'
1046, 'Indie'
1046, 'Puzzle'
1046, 'Simulator'
1047,'Adventure'
1047, 'Platform'
1048,'Adventure'
1048, 'Racing'
1048, 'Shooter'
1049,'Adventure'
1049, 'Shooter'
1050,'Adventure'
1050, 'RPG'
1050, 'Turn Based Strategy'
1051,'Adventure'
1051, 'Arcade'
1051, 'Indie'
1051, 'Platform'
1051, 'Puzzle'
1051, 'RPG'
1052,'Adventure'
1052, 'RPG'
1053,'Arcade'
1053, 'Fighting'
1053, 'Indie'
1053, 'Platform'
1054,'MOBA'
1055,'Adventure'
1055, 'Indie'
1055, 'Platform'
1055, 'Shooter'
1056,'Adventure'
1056, 'Arcade'
1056, 'Indie'
1056, 'Platform'
1057,'Platform'
1058,'Adventure'
1058, 'Indie'
1058, 'RPG'
1059,'RPG'
1059, 'Simulator'
1059, 'Strategy'
1059, 'Tactical'
1060,'Adventure'
1060, 'Indie'
1060, 'Platform'
1060, 'RPG'
1061,'Shooter'
1062,'Adventure'
1062, 'Puzzle'
1062, 'Visual Novel'
1063,'Adventure'
1063, 'Indie'
1063, 'RPG'
1063, 'Strategy'
1063, 'Turn Based Strategy'
1064,'Adventure'
1064, 'Platform'
1064, 'Simulator'
1065,'Adventure'
1065, 'Platform'
1065, 'Puzzle'
1066,'Adventure'
1066, 'Brawler'
1066, 'RPG'
1066, 'Strategy'
1067,'Shooter'
1068,'Adventure'
1069,'Puzzle'
1069, 'Shooter'
1070,'Adventure'
1070, 'Platform'
1071,'Indie'
1071, 'Simulator'
1072,'Adventure'
1072, 'Indie'
1072, 'Platform'
1072, 'Shooter'
1073,'RPG'
1074,'Adventure'
1074, 'Shooter'
1075,'Shooter'
1075, 'Tactical'
1076,'Adventure'
1076, 'Brawler'
1076, 'Indie'
1077,'Platform'
1078,'Racing'
1079,'Adventure'
1079, 'Platform'
1080,'Adventure'
1080, 'Platform'
1081,'Adventure'
1081, 'Shooter'
1081, 'Tactical'
1082,'Shooter'
1083,'Adventure'
1083, 'Platform'
1083, 'Puzzle'
1083, 'Simulator'
1083, 'Strategy'
1084,'Adventure'
1084, 'Platform'
1085,'Shooter'
1086,'Adventure'
1086, 'Platform'
1087,'Adventure'
1087, 'RPG'
1088,'Adventure'
1088, 'Shooter'
1089,'Adventure'
1089, 'Platform'
1089, 'RPG'
1090,'Adventure'
1090, 'Point-and-Click'
1090, 'Puzzle'
1090, 'Visual Novel'
1091,'Adventure'
1091, 'Indie'
1091, 'Puzzle'
1092,'Shooter'
1093,'Adventure'
1093, 'RPG'
1093, 'Turn Based Strategy'
1094,'Adventure'
1094, 'Platform'
1095,'Adventure'
1095, 'Indie'
1095, 'Puzzle'
1096,'Shooter'
1097,'Shooter'
1098,'Arcade'
1099,'Adventure'
1099, 'Brawler'
1099, 'Shooter'
1100,'Adventure'
1100, 'Platform'
1101,'Adventure'
1101, 'Platform'
1101, 'Shooter'
1102,'Adventure'
1102, 'Indie'
1102, 'Puzzle'
1102, 'Simulator'
1103,'Adventure'
1103, 'Indie'
1103, 'Puzzle'
1103, 'RPG'
1104,'Adventure'
1104, 'Brawler'
1104, 'RPG'
1105,'Adventure'
1105, 'Shooter'
1106,'RPG'
1106, 'Turn Based Strategy'
1107,'RPG'
1108,'RPG'
1108, 'Strategy'
1108, 'Tactical'
1108, 'Turn Based Strategy'
1109,'RPG'
1110,'Point-and-Click'
1110, 'Puzzle'
1110, 'Visual Novel'
1111,'Adventure'
1111, 'RPG'
1112,'Adventure'
1112, 'Point-and-Click'
1112, 'Puzzle'
1112, 'Visual Novel'
1113,'Adventure'
1113, 'Indie'
1113, 'Shooter'
1114,'Adventure'
1114, 'Indie'
1114, 'Platform'
1114, 'Puzzle'
1115,'RPG'
1115, 'Strategy'
1115, 'Tactical'
1116,'Arcade'
1116, 'Brawler'
1116, 'Fighting'
1116, 'Indie'
1117,'RPG'
1118,'Adventure'
1118, 'Platform'
1119,'RPG'
1119, 'Shooter'
1120,'Adventure'
1120, 'Brawler'
1121,'Platform'
1121, 'Shooter'
1122,'Arcade'
1122, 'Fighting'
1123,'Adventure'
1123, 'Point-and-Click'
1123, 'Puzzle'
1123, 'Visual Novel'
1124,'Platform'
1125,'Adventure'
1126,'Arcade'
1126, 'Fighting'
1127,'Adventure'
1128,'Adventure'
1129,'RPG'
1129, 'Shooter'
1130,'Adventure'
1131,'Adventure'
1131, 'Brawler'
1131, 'Platform'
1132,'Adventure'
1132, 'Platform'
1133,'RPG'
1133, 'Shooter'
1134,'Adventure'
1134, 'Fighting'
1135,'Adventure'
1135, 'Arcade'
1135, 'Indie'
1135, 'Music'
1135, 'Platform'
1136,'Adventure'
1136, 'Strategy'
1136, 'Tactical'
1136, 'Turn Based Strategy'
1137,'Shooter'
1138,'Adventure'
1138, 'Puzzle'
1138, 'Shooter'
1139,'Indie'
1139, 'Shooter'
1140,'Fighting'
1141,'Adventure'
1141, 'Puzzle'
1142,'Shooter'
1143,'Racing'
1144,'Adventure'
1144, 'Indie'
1144, 'Platform'
1145,'Adventure'
1145, 'Indie'
1146,'Arcade'
1146, 'Indie'
1146, 'Simulator'
1146, 'Strategy'
1146, 'Tactical'
1147,'Adventure'
1147, 'Indie'
1148,'Adventure'
1148, 'Platform'
1149,'Adventure'
1149, 'Brawler'
1149, 'Indie'
1149, 'RPG'
1150,'Arcade'
1150, 'Racing'
1151,'Adventure'
1151, 'RPG'
1152,'Adventure'
1152, 'Real Time Strategy'
1152, 'RPG'
1152, 'Simulator'
1152, 'Strategy'
1153,'Indie'
1153, 'RPG'
1153, 'Simulator'
1153, 'Strategy'
1154,'Adventure'
1154, 'Platform'
1154, 'Sport'
1155,'Adventure'
1155, 'RPG'
1155, 'Turn Based Strategy'
1156,'RPG'
1156, 'Strategy'
1157,'Adventure'
1157, 'Shooter'
1158,'Adventure'
1158, 'Indie'
1158, 'Platform'
1158, 'Puzzle'
1159,'Adventure'
1159, 'Indie'
1160,'Adventure'
1160, 'Puzzle'
1161,'Adventure'
1161, 'Fighting'
1162,'Adventure'
1162, 'Platform'
1163,'Adventure'
1163, 'RPG'
1164,'RPG'
1164, 'Shooter'
1164, 'Strategy'
1165,'Adventure'
1165, 'Brawler'
1165, 'Puzzle'
1165, 'Shooter'
1166,'Adventure'
1166, 'Indie'
1166, 'Music'
1166, 'Platform'
1167,'Adventure'
1167, 'Shooter'
1168,'Adventure'
1168, 'Arcade'
1168, 'Platform'
1168, 'Racing'
1168, 'Shooter'
1169,'Adventure'
1169, 'Indie'
1169, 'Puzzle'
1169, 'RPG'
1170,'Adventure'
1170, 'Platform'
1170, 'RPG'
1171,'Adventure'
1171, 'Visual Novel'
1172,'Adventure'
1173,'Adventure'
1173, 'Indie'
1173, 'RPG'
1174,'Adventure'
1174, 'Shooter'
1175,'Adventure'
1175, 'Platform'
1175, 'Shooter'
1176,'Adventure'
1176, 'Brawler'
1176, 'RPG'
1176, 'Simulator'
1177,'Indie'
1177, 'RPG'
1177, 'Simulator'
1178,'Racing'
1179,'Adventure'
1179, 'Indie'
1179, 'Platform'
1180,'Shooter'
1181,'Adventure'
1181, 'Puzzle'
1181, 'RPG'
1181, 'Simulator'
1181, 'Visual Novel'
1182,'Adventure'
1182, 'RPG'
1183,'Adventure'
1184,'Adventure'
1184, 'Brawler'
1185,'Adventure'
1185, 'RPG'
1186,'Adventure'
1186, 'Platform'
1187,'Adventure'
1187, 'Platform'
1187, 'RPG'
1188,'Adventure'
1188, 'Indie'
1188, 'Platform'
1188, 'RPG'
1189,'Adventure'
1189, 'Platform'
1189, 'Racing'
1190,'Arcade'
1190, 'Fighting'
1191,'RPG'
1191, 'Strategy'
1191, 'Turn Based Strategy'
1192,'RPG'
1193,'Brawler'
1194,'Adventure'
1194, 'Platform'
1195,'Adventure'
1195, 'Indie'
1195, 'Shooter'
1196,'Shooter'
1197,'Adventure'
1197, 'RPG'
1197, 'Turn Based Strategy'
1198,'Adventure'
1198, 'Shooter'
1199,'Racing'
1200,'Adventure'
1200, 'RPG'
1200, 'Turn Based Strategy'
1201,'Shooter'
1202,'Adventure'
1202, 'Indie'
1202, 'RPG'
1203,'Puzzle'
1204,'Adventure'
1204, 'Puzzle'
1205,'Brawler'
1206,'Adventure'
1206, 'RPG'
1206, 'Turn Based Strategy'
1207,'Adventure'
1207, 'Platform'
1208,'Arcade'
1208, 'Indie'
1208, 'Shooter'
1209,'Adventure'
1209, 'RPG'
1209, 'Strategy'
1210,'Arcade'
1210, 'Fighting'
1211,'Adventure'
1211, 'Shooter'
1212,'RPG'
1213,'Adventure'
1213, 'Platform'
1213, 'Puzzle'
1213, 'Shooter'
1214,'Simulator'
1214, 'Sport'
1215,'Adventure'
1215, 'Shooter'
1215, 'Simulator'
1215, 'Strategy'
1216,'Adventure'
1216, 'Point-and-Click'
1217,'Adventure'
1217, 'Brawler'
1218,'Simulator'
1218, 'Strategy'
1218, 'Turn Based Strategy'
1219,'Adventure'
1219, 'Indie'
1219, 'Point-and-Click'
1219, 'RPG'
1219, 'Turn Based Strategy'
1220,'RPG'
1220, 'Strategy'
1220, 'Tactical'
1220, 'Turn Based Strategy'
1221,'Adventure'
1221, 'Simulator'
1222,'Adventure'
1222, 'Arcade'
1222, 'Indie'
1222, 'Platform'
1222, 'Shooter'
1223,'Adventure'
1223, 'Platform'
1224,'Adventure'
1224, 'Platform'
1224, 'Puzzle'
1225,'RPG'
1226,'Indie'
1226, 'RPG'
1227,'Brawler'
1227, 'Fighting'
1228,'Adventure'
1228, 'Platform'
1229,'Adventure'
1229, 'Indie'
1229, 'RPG'
1229, 'Turn Based Strategy'
1230,'Adventure'
1230, 'Brawler'
1230, 'Fighting'
1231,'Adventure'
1231, 'Platform'
1231, 'Puzzle'
1232,'Adventure'
1232, 'Brawler'
1232, 'Indie'
1232, 'Platform'
1233,'Adventure'
1233, 'RPG'
1234,'Adventure'
1234, 'RPG'
1234, 'Shooter'
1235,'Shooter'
1236,'Card & Board Game'
1236, 'Strategy'
1236, 'Turn Based Strategy'
1237,'Brawler'
1238,'Indie'
1238, 'Shooter'
1239,'RPG'
1240,'Adventure'
1240, 'Visual Novel'
1241,'Indie'
1241, 'Point-and-Click'
1241, 'Puzzle'
1241, 'RPG'
1241, 'Simulator'
1242,'Adventure'
1242, 'RPG'
1242, 'Shooter'
1243,'RPG'
1244,'Arcade'
1244, 'Fighting'
1244, 'Indie'
1244, 'Racing'
1244, 'Strategy'
1245,'Visual Novel'
1246,'Adventure'
1246, 'Brawler'
1247,'Adventure'
1248,'Adventure'
1248, 'RPG'
1249,'Adventure'
1249, 'Indie'
1250,'RPG'
1250, 'Turn Based Strategy'
1251,'Adventure'
1251, 'Indie'
1252,'Adventure'
1252, 'RPG'
1253,'RPG'
1253, 'Strategy'
1253, 'Tactical'
1254,'Adventure'
1254, 'Brawler'
1254, 'Indie'
1254, 'RPG'
1254, 'Simulator'
1255,'Adventure'
1255, 'Real Time Strategy'
1256,'Adventure'
1256, 'Indie'
1256, 'Point-and-Click'
1256, 'Simulator'
1256, 'Strategy'
1257,'Adventure'
1257, 'Simulator'
1257, 'Visual Novel'
1258,'Adventure'
1258, 'RPG'
1259,'Adventure'
1259, 'Point-and-Click'
1259, 'Puzzle'
1259, 'RPG'
1259, 'Visual Novel'
1260,'Adventure'
1260, 'Shooter'
1261,'RPG'
1261, 'Simulator'
1261, 'Strategy'
1262,'Platform'
1263,'Indie'
1263, 'RPG'
1263, 'Simulator'
1263, 'Strategy'
1264,'Card & Board Game'
1265,'Adventure'
1265, 'Simulator'
1266,'Simulator'
1267,'RPG'
1267, 'Strategy'
1267, 'Turn Based Strategy'
1268,'Adventure'
1268, 'Indie'
1268, 'Platform'
1269,'Adventure'
1269, 'RPG'
1270,'Indie'
1270, 'Strategy'
1271,'Adventure'
1272,'Adventure'
1272, 'RPG'
1273,'Adventure'
1273, 'Shooter'
1274,'Adventure'
1274, 'Arcade'
1274, 'Platform'
1275,'Adventure'
1275, 'RPG'
1276,'Platform'
1277,'Adventure'
1277, 'Indie'
1277, 'Platform'
1278,'RPG'
1279,'Adventure'
1279, 'Brawler'
1279, 'RPG'
1279, 'Simulator'
1279, 'Sport'
1280,'Arcade'
1280, 'Racing'
1281,'Adventure'
1281, 'Platform'
1282,'Adventure'
1282, 'Platform'
1283,'Indie'
1283, 'Real Time Strategy'
1283, 'Simulator'
1283, 'Strategy'
1284,'Point-and-Click'
1284, 'Puzzle'
1284, 'Visual Novel'
1285,'Adventure'
1285, 'Platform'
1285, 'Shooter'
1286,'Adventure'
1286, 'Visual Novel'
1287,'Adventure'
1287, 'RPG'
1287, 'Simulator'
1288,'Adventure'
1288, 'Platform'
1288, 'Shooter'
1289,'Adventure'
1289, 'Indie'
1289, 'Music'
1289, 'Platform'
1289, 'Puzzle'
1290,'Adventure'
1290, 'Puzzle'
1291,'Adventure'
1291, 'Puzzle'
1291, 'Strategy'
1291, 'Visual Novel'
1292,'Adventure'
1293,'Platform'
1294,'Adventure'
1294, 'Platform'
1294, 'Shooter'
1295,'Adventure'
1295, 'Shooter'
1296,'Adventure'
1296, 'Platform'
1297,'Adventure'
1297, 'Shooter'
1298,'Adventure'
1298, 'Fighting'
1298, 'RPG'
1299,'Adventure'
1299, 'RPG'
1300,'Adventure'
1300, 'RPG'
1301,'Adventure'
1301, 'Point-and-Click'
1301, 'Shooter'
1301, 'Visual Novel'
1302,'Adventure'
1302, 'Indie'
1302, 'RPG'
1302, 'Visual Novel'
1303,'Shooter'
1304,'Arcade'
1304, 'Indie'
1304, 'Puzzle'
1304, 'Shooter'
1305,'Brawler'
1305, 'RPG'
1306,'Adventure'
1306, 'RPG'
1307,'Adventure'
1307, 'Platform'
1307, 'Puzzle'
1308,'Shooter'
1309,
1310,'Real Time Strategy'
1310, 'Strategy'
1311,'Adventure'
1311, 'Visual Novel'
1312,'Card & Board Game'
1312, 'Indie'
1312, 'RPG'
1312, 'Simulator'
1312, 'Strategy'
1313,'Indie'
1313, 'Simulator'
1313, 'Strategy'
1314,'Adventure'
1314, 'Shooter'
1315,'Simulator'
1315, 'Strategy'
1315, 'Tactical'
1315, 'Turn Based Strategy'
1316,'Indie'
1316, 'Shooter'
1317,'Adventure'
1317, 'Indie'
1317, 'RPG'
1317, 'Simulator'
1318,'Adventure'
1318, 'RPG'
1318, 'Turn Based Strategy'
1319,'Arcade'
1320,'Fighting'
1320, 'RPG'
1321,'Shooter'
1322,'RPG'
1323,'Adventure'
1323, 'Arcade'
1323, 'Fighting'
1323, 'Indie'
1324,'Puzzle'
1325,'Puzzle'
1325, 'Strategy'
1326,'Adventure'
1326, 'Fighting'
1326, 'Platform'
1327,'Adventure'
1327, 'Indie'
1327, 'Point-and-Click'
1328,'Indie'
1328, 'Simulator'
1328, 'Strategy'
1329,'Adventure'
1329, 'Brawler'
1329, 'Fighting'
1330,'Adventure'
1330, 'RPG'
1331,'Arcade'
1332,'Shooter'
1333,'Adventure'
1333, 'RPG'
1333, 'Shooter'
1333, 'Strategy'
1333, 'Tactical'
1334,'Adventure'
1334, 'Shooter'
1335,'Adventure'
1335, 'Shooter'
1336,'Adventure'
1336, 'Arcade'
1336, 'Indie'
1336, 'RPG'
1336, 'Shooter'
1337,'Arcade'
1337, 'Indie'
1337, 'Music'
1338,'Adventure'
1338, 'Shooter'
1339,'Fighting'
1339, 'Platform'
1340,'Adventure'
1340, 'RPG'
1341,'Arcade'
1342,'Adventure'
1342, 'RPG'
1342, 'Shooter'
1342, 'Simulator'
1342, 'Strategy'
1343,'Brawler'
1343, 'RPG'
1344,'Indie'
1344, 'Puzzle'
1344, 'Quiz/Trivia'
1344, 'Strategy'
1345,'Adventure'
1345, 'RPG'
1345, 'Simulator'
1346,'RPG'
1347,'Shooter'
1348,'Adventure'
1348, 'RPG'
1349,'RPG'
1350,'Simulator'
1351,'Puzzle'
1352,'Platform'
1353,'Card & Board Game'
1354,'Card & Board Game'
1355,'Puzzle'
1356,'Indie'
1356, 'Simulator'
1356, 'Strategy'
1356, 'Tactical'
1357,'Adventure'
1357, 'Brawler'
1358,'Adventure'
1358, 'Platform'
1358, 'Puzzle'
1359,'RPG'
1359, 'Shooter'
1360,'Platform'
1361,'Adventure'
1362,'Fighting'
1363,'Adventure'
1363, 'RPG'
1364,'Adventure'
1364, 'Platform'
1365,'Arcade'
1365, 'Racing'
1366,'Adventure'
1366, 'Platform'
1367,'Adventure'
1367, 'Indie'
1368,'Adventure'
1368, 'Indie'
1368, 'Platform'
1369,'Adventure'
1369, 'Indie'
1369, 'Platform'
1369, 'Simulator'
1369, 'Strategy'
1370,'Fighting'
1371,'Fighting'
1372,'Shooter'
1373,'Platform'
1374,'Arcade'
1374, 'Brawler'
1375,'Adventure'
1375, 'Platform'
1376,'Adventure'
1376, 'Platform'
1376, 'Puzzle'
1377,'Adventure'
1377, 'Brawler'
1377, 'Platform'
1378,'Brawler'
1379,'Shooter'
1380,'Adventure'
1380, 'Shooter'
1381,'Real Time Strategy'
1381, 'Strategy'
1382,'Adventure'
1382, 'Brawler'
1382, 'RPG'
1382, 'Simulator'
1382, 'Sport'
1383,'RPG'
1384,'Adventure'
1384, 'Fighting'
1384, 'RPG'
1385,'Puzzle'
1386,'Music'
1387,'Fighting'
1388,'Music'
1388, 'Shooter'
1389,'Adventure'
1389, 'Real Time Strategy'
1389, 'Strategy'
1389, 'Tactical'
1390,'Adventure'
1390, 'Music'
1391,'Card & Board Game'
1391, 'Indie'
1391, 'Strategy'
1391, 'Turn Based Strategy'
1392,'Fighting'
1393,'Fighting'
1394,'Adventure'
1394, 'RPG'
1394, 'Turn Based Strategy'
1395,'Adventure'
1395, 'Puzzle'
1396,'Racing'
1397,'Arcade'
1397, 'Platform'
1397, 'Puzzle'
1397, 'Strategy'
1398,'Adventure'
1398, 'Indie'
1398, 'Platform'
1399,'Arcade'
1400,'RPG'
1401,'Adventure'
1401, 'Platform'
1402,'RPG'
1402, 'Strategy'
1402, 'Turn Based Strategy'
1403,'Adventure'
1403, 'Platform'
1403, 'RPG'
1404,'RPG'
1405,'Shooter'
1406,'RPG'
1406, 'Strategy'
1406, 'Tactical'
1406, 'Visual Novel'
1407,'Arcade'
1407, 'Fighting'
1408,'Indie'
1408, 'Music'
1408, 'Puzzle'
1409,'Racing'
1410,'Adventure'
1410, 'Point-and-Click'
1410, 'Puzzle'
1411,'Adventure'
1411, 'Shooter'
1412,'Adventure'
1412, 'Shooter'
1412, 'Tactical'
1413,'Adventure'
1413, 'Strategy'
1413, 'Tactical'
1414,'Racing'
1415,'Arcade'
1415, 'Fighting'
1416,'Adventure'
1416, 'Brawler'
1416, 'RPG'
1417,'Adventure'
1417, 'Indie'
1417, 'Point-and-Click'
1417, 'Puzzle'
1418,'Adventure'
1418, 'Brawler'
1418, 'Indie'
1418, 'Platform'
1419,'RPG'
1420,'Shooter'
1421,'Sport'
1422,'Platform'
1422, 'Shooter'
1422, 'Strategy'
1423,'Fighting'
1424,'Fighting'
1425,'Adventure'
1426,'Adventure'
1426, 'Platform'
1427,'RPG'
1428,'Platform'
1428, 'Shooter'
1429,'Adventure'
1430,'Adventure'
1430, 'Indie'
1430, 'Platform'
1430, 'Puzzle'
1431,'Adventure'
1432,'Indie'
1433,'Shooter'
1434,'Sport'
1435,'Adventure'
1435, 'RPG'
1436,'Platform'
1436, 'Puzzle'
1437,'Indie'
1437, 'RPG'
1437, 'Simulator'
1437, 'Strategy'
1438,'Adventure'
1438, 'Platform'
1439,'RPG'
1439, 'Shooter'
1440,'Adventure'
1440, 'Indie'
1440, 'Platform'
1440, 'RPG'
1441,'Adventure'
1441, 'Indie'
1442,'Racing'
1443,'Adventure'
1443, 'Visual Novel'
1444,'Indie'
1444, 'RPG'
1444, 'Strategy'
1444, 'Tactical'
1444, 'Turn Based Strategy'
1445,'Brawler'
1445, 'Platform'
1446,'Adventure'
1446, 'Indie'
1446, 'Point-and-Click'
1446, 'Puzzle'
1447,'Indie'
1447, 'Point-and-Click'
1447, 'Simulator'
1448,'Adventure'
1448, 'Shooter'
1449,'Adventure'
1449, 'Platform'
1449, 'Shooter'
1450,'Sport'
1451,'Sport'
1452,'Card & Board Game'
1452, 'Indie'
1452, 'Puzzle'
1452, 'Simulator'
1453,'Adventure'
1453, 'Indie'
1453, 'Platform'
1453, 'Puzzle'
1453, 'Strategy'
1454,'Arcade'
1455,'Adventure'
1456,'Fighting'
1457,'Shooter'
1458,'Adventure'
1458, 'Shooter'
1459,'Adventure'
1459, 'Indie'
1459, 'Shooter'
1459, 'Strategy'
1460,'Adventure'
1460, 'Brawler'
1461,'RPG'
1462,'Brawler'
1462, 'Fighting'
1462, 'Indie'
1463,'Sport'
1464,'Arcade'
1464, 'Indie'
1464, 'Music'
1464, 'Platform'
1465,'Adventure'
1465, 'Arcade'
1465, 'Pinball'
1466,'Simulator'
1466, 'Sport'
1467,'Adventure'
1467, 'Indie'
1467, 'Platform'
1467, 'Puzzle'
1468,'Brawler'
1468, 'Fighting'
1469,'Fighting'
1470,'Adventure'
1470, 'Visual Novel'
1471,'Adventure'
1471, 'Visual Novel'
1472,'Adventure'
1472, 'Visual Novel'
1473,'Adventure'
1473, 'Platform'
1474,'Adventure'
1474, 'Platform'
1474, 'Shooter'
1475,
1476,'Arcade'
1476, 'Simulator'
1477,'Fighting'
1477, 'Racing'
1477, 'Shooter'
1478,'RPG'
1478, 'Strategy'
1479,'RPG'
1480,'Indie'
1480, 'Puzzle'
1480, 'Quiz/Trivia'
1480, 'Strategy'
1481,'Shooter'
1481, 'Tactical'
1482,'Shooter'
1483,'Adventure'
1483, 'Brawler'
1483, 'Fighting'
1483, 'RPG'
1484,'Adventure'
1485,'Adventure'
1485, 'Indie'
1485, 'RPG'
1485, 'Turn Based Strategy'
1486,'Puzzle'
1486, 'Strategy'
1487,'Adventure'
1487, 'Indie'
1487, 'RPG'
1487, 'Turn Based Strategy'
1488,'Fighting'
1489,'Brawler'
1489, 'RPG'
1490,'Adventure'
1490, 'Racing'
1490, 'Shooter'
1491,'Real Time Strategy'
1491, 'Simulator'
1491, 'Strategy'
1492,'Adventure'
1492, 'Arcade'
1492, 'Platform'
1493,'Music'
1494,'Adventure'
1494, 'Fighting'
1495,'Adventure'
1495, 'Arcade'
1495, 'Platform'
1495, 'Shooter'
1496,'Simulator'
1496, 'Sport'
1497,'Fighting'
1498,'Shooter'
1499,'Fighting'
1499, 'Sport'
1500,'Adventure'
1500, 'Indie'
1500, 'RPG'
1501,'Adventure'
1501, 'Racing'
1501, 'Shooter'
1502,'Platform'
1503,'Fighting'
1504,'Simulator'
1504, 'Strategy'
1504, 'Tactical'
1505,'Fighting'
1506,'Adventure'
1506, 'Platform'
1506, 'Puzzle'
1507,'Adventure'
1507, 'Point-and-Click'
1508,'Arcade'
1508, 'Racing'
1509,'Brawler'
1509, 'RPG'
1510,'Adventure'
1510, 'RPG'
1510, 'Strategy'
1510, 'Tactical'
1510, 'Turn Based Strategy'
1511,'Adventure'
1511, 'Puzzle'