Id_game,Genres
0,"['Adventure', 'RPG']"
1,"['Adventure', 'Brawler', 'Indie', 'RPG']"
2,"['Adventure', 'RPG']"
3,"['Adventure', 'Indie', 'RPG', 'Turn Based Strategy']"
4,"['Adventure', 'Indie', 'Platform']"
5,"['Adventure', 'Simulator']"
6,"['Adventure', 'Indie', 'RPG', 'Turn Based Strategy']"
7,"['Adventure', 'Platform']"
8,"['Indie', 'Strategy']"
9,"['Brawler', 'RPG']"
10,"['Adventure', 'RPG', 'Turn Based Strategy']"
11,"['Adventure', 'Indie']"
12,"['Adventure', 'Brawler', 'RPG']"
13,"['Adventure', 'Platform', 'Puzzle', 'Shooter']"
14,"['Adventure', 'RPG']"
15,"['Adventure', 'Indie', 'Platform']"
16,"['Adventure', 'Brawler', 'RPG', 'Simulator']"
17,"['Adventure', 'RPG', 'Shooter']"
18,"['Platform', 'Puzzle', 'Shooter']"
19,"['Adventure', 'Platform']"
20,"['Adventure', 'RPG', 'Turn Based Strategy']"
21,"['Adventure', 'Brawler', 'Music', 'Platform']"
22,"['Adventure', 'Brawler', 'Shooter', 'Strategy']"
23,"['Adventure', 'Shooter']"
24,"['Adventure', 'RPG', 'Shooter']"
25,"['Adventure', 'Brawler']"
26,"['Adventure', 'RPG']"
27,"['Adventure', 'Platform']"
28,"['Adventure', 'Indie', 'RPG']"
29,"['Adventure', 'Brawler']"
30,"['Adventure', 'RPG']"
31,"['Adventure', 'RPG']"
32,"['Adventure', 'Platform']"
33,"['Fighting', 'Platform']"
34,"['Arcade', 'Indie', 'Platform', 'Shooter']"
35,"['Adventure', 'Brawler']"
36,"['Adventure', 'RPG', 'Turn Based Strategy']"
37,"['Adventure', 'RPG', 'Simulator', 'Visual Novel']"
38,"['Adventure', 'RPG']"
39,"['Adventure', 'Indie']"
40,"['Adventure', 'Shooter']"
41,"['Adventure', 'Platform']"
42,"['RPG', 'Shooter']"
43,"['Adventure', 'Indie', 'Puzzle', 'Simulator']"
44,"['Adventure', 'Shooter']"
45,['Shooter']
46,"['Adventure', 'RPG', 'Turn Based Strategy']"
47,"['Brawler', 'Shooter']"
48,"['Indie', 'RPG', 'Simulator', 'Strategy']"
49,"['Adventure', 'Shooter']"
50,"['Adventure', 'Puzzle']"
51,"['Adventure', 'RPG']"
52,"['Adventure', 'RPG', 'Turn Based Strategy']"
53,['Shooter']
54,"['Adventure', 'RPG']"
55,"['Indie', 'Platform', 'Shooter', 'Visual Novel']"
56,"['Adventure', 'Brawler']"
57,['Shooter']
58,['Shooter']
59,"['Adventure', 'RPG']"
60,"['Adventure', 'Platform']"
61,"['Adventure', 'Card & Board Game', 'Indie', 'Puzzle', 'Strategy']"
62,"['Adventure', 'Indie', 'Puzzle', 'RPG']"
63,"['Adventure', 'RPG']"
64,"['Adventure', 'RPG']"
65,"['Adventure', 'Indie', 'RPG', 'Turn Based Strategy']"
66,"['Adventure', 'RPG']"
67,['Adventure']
68,"['Adventure', 'Platform']"
69,"['Adventure', 'RPG', 'Shooter']"
70,"['Adventure', 'Brawler']"
71,"['Adventure', 'RPG']"
72,"['Adventure', 'RPG', 'Turn Based Strategy']"
73,"['Adventure', 'Platform', 'RPG']"
74,"['Adventure', 'Platform', 'Shooter']"
75,"['Adventure', 'Platform']"
76,['Adventure']
77,['Adventure']
78,"['Adventure', 'Shooter']"
79,"['Adventure', 'Indie', 'Platform', 'RPG', 'Strategy']"
80,"['Adventure', 'Shooter']"
81,"['Adventure', 'Shooter', 'Tactical']"
82,"['Shooter', 'Strategy']"
83,['Shooter']
84,"['Adventure', 'RPG', 'Strategy', 'Tactical', 'Turn Based Strategy']"
85,"['Adventure', 'Racing', 'Shooter']"
86,"['Adventure', 'Simulator', 'Strategy', 'Tactical']"
87,"['RPG', 'Simulator', 'Visual Novel']"
88,['Brawler']
89,"['Arcade', 'Racing']"
90,"['Adventure', 'RPG', 'Strategy', 'Tactical', 'Turn Based Strategy']"
91,"['Adventure', 'RPG', 'Turn Based Strategy']"
92,"['Arcade', 'Indie', 'Shooter']"
93,"['Indie', 'Platform']"
94,"['Adventure', 'Platform']"
95,"['Adventure', 'Platform', 'Shooter']"
96,"['Adventure', 'Shooter']"
97,"['Adventure', 'Brawler']"
98,"['Adventure', 'Platform']"
99,"['RPG', 'Turn Based Strategy']"
100,['Fighting']
101,['RPG']
102,"['Adventure', 'Puzzle', 'Shooter']"
103,"['Adventure', 'RPG', 'Shooter']"
104,"['Adventure', 'Point-and-Click', 'Visual Novel']"
105,"['Adventure', 'Brawler', 'Indie', 'RPG', 'Simulator', 'Strategy']"
106,"['Adventure', 'Platform']"
107,"['Adventure', 'RPG', 'Shooter']"
108,['Shooter']
109,"['MOBA', 'RPG', 'Strategy']"
110,"['Adventure', 'Shooter']"
111,"['Adventure', 'Indie', 'Visual Novel']"
112,"['Adventure', 'Brawler']"
113,"['Adventure', 'Brawler', 'RPG']"
114,"['Adventure', 'Point-and-Click', 'Puzzle', 'Visual Novel']"
115,['Shooter']
116,"['Adventure', 'RPG']"
117,"['Platform', 'Shooter']"
118,['Arcade']
119,"['Adventure', 'Arcade', 'Indie', 'Platform', 'Strategy']"
120,"['Adventure', 'RPG']"
121,"['Adventure', 'RPG']"
122,"['Adventure', 'Shooter']"
123,"['Adventure', 'Platform', 'Puzzle']"
124,"['Arcade', 'Brawler', 'Indie']"
125,"['Brawler', 'Indie']"
126,['Platform']
127,"['Adventure', 'RPG']"
128,"['Adventure', 'Shooter', 'Tactical']"
129,"['Adventure', 'Platform']"
130,"['Adventure', 'RPG']"
131,"['Adventure', 'Shooter']"
132,['Shooter']
133,['RPG']
134,"['Adventure', 'Shooter']"
135,['Platform']
136,"['Indie', 'Racing', 'Sport']"
137,"['Adventure', 'Brawler']"
138,['Brawler']
139,"['Adventure', 'RPG', 'Turn Based Strategy']"
140,['Fighting']
141,"['Simulator', 'Sport']"
142,"['Adventure', 'RPG']"
143,['Racing']
144,"['Adventure', 'Shooter']"
145,"['Indie', 'Point-and-Click', 'Puzzle', 'Simulator']"
146,"['Adventure', 'RPG', 'Shooter']"
147,"['Adventure', 'RPG']"
148,"['Adventure', 'Indie', 'RPG', 'Turn Based Strategy']"
149,"['Adventure', 'RPG', 'Shooter']"
150,"['Adventure', 'Platform', 'Puzzle', 'Shooter']"
151,"['Adventure', 'Platform']"
152,"['Adventure', 'Platform']"
153,"['Adventure', 'Indie', 'Puzzle']"
154,"['Adventure', 'Brawler', 'RPG']"
155,"['Adventure', 'RPG', 'Turn Based Strategy']"
156,"['Brawler', 'RPG']"
157,"['Adventure', 'Platform']"
158,"['Adventure', 'RPG', 'Turn Based Strategy']"
159,['Shooter']
160,"['Adventure', 'Platform']"
161,"['Adventure', 'Platform', 'Puzzle']"
162,"['Adventure', 'RPG']"
163,"['Adventure', 'Brawler', 'Strategy']"
164,"['Adventure', 'Puzzle']"
165,"['Adventure', 'RPG']"
166,"['Adventure', 'Brawler', 'RPG']"
167,"['Adventure', 'Indie', 'Platform', 'Puzzle']"
168,"['Adventure', 'RPG', 'Turn Based Strategy']"
169,"['Adventure', 'RPG']"
170,"['Adventure', 'Shooter']"
171,"['Adventure', 'Racing', 'Shooter']"
172,"['Adventure', 'Platform', 'Shooter']"
173,"['Adventure', 'RPG']"
174,"['Adventure', 'Point-and-Click', 'Visual Novel']"
175,"['RPG', 'Turn Based Strategy']"
176,['Shooter']
177,"['Adventure', 'Platform', 'Shooter']"
178,"['Adventure', 'RPG']"
179,"['Adventure', 'Indie', 'Simulator', 'Visual Novel']"
180,"['Adventure', 'Indie', 'Platform']"
181,"['Adventure', 'Shooter']"
182,"['Adventure', 'Simulator']"
183,"['Fighting', 'Indie', 'Puzzle', 'Shooter', 'Tactical']"
184,"['Puzzle', 'Real Time Strategy', 'Simulator', 'Strategy', 'Tactical']"
185,"['Adventure', 'Platform', 'Puzzle']"
186,"['Adventure', 'RPG']"
187,"['Adventure', 'RPG']"
188,['Adventure']
189,"['Adventure', 'Platform']"
190,"['Adventure', 'RPG']"
191,['Shooter']
192,"['Adventure', 'Platform', 'Shooter']"
193,"['Adventure', 'RPG', 'Turn Based Strategy']"
194,"['Adventure', 'Indie']"
195,['Adventure']
196,"['Adventure', 'Puzzle', 'Visual Novel']"
197,"['Adventure', 'Puzzle']"
198,"['Adventure', 'RPG']"
199,"['Adventure', 'RPG', 'Turn Based Strategy']"
200,"['Adventure', 'Brawler', 'Platform']"
201,"['Adventure', 'RPG', 'Shooter']"
202,['Racing']
203,"['Adventure', 'RPG', 'Shooter', 'Strategy']"
204,['Brawler']
205,"['Adventure', 'Platform']"
206,"['Adventure', 'Platform']"
207,['Shooter']
208,"['Adventure', 'RPG']"
209,"['Adventure', 'Platform', 'Shooter']"
210,"['Adventure', 'Indie']"
211,['Shooter']
212,"['Adventure', 'Platform']"
213,"['Adventure', 'Indie', 'RPG']"
214,"['Adventure', 'RPG', 'Simulator']"
215,"['Indie', 'Simulator']"
216,"['Adventure', 'Shooter']"
217,"['RPG', 'Shooter']"
218,"['Adventure', 'RPG', 'Shooter']"
219,['RPG']
220,"['Adventure', 'Arcade', 'Indie', 'Shooter']"
221,"['Adventure', 'Indie', 'Visual Novel']"
222,"['Adventure', 'Indie', 'Platform']"
223,"['Adventure', 'Indie']"
224,"['Adventure', 'RPG']"
225,"['Adventure', 'Brawler', 'Indie', 'Platform', 'RPG']"
226,"['Adventure', 'RPG', 'Strategy']"
227,"['Indie', 'Point-and-Click', 'Simulator']"
228,"['Adventure', 'Shooter']"
229,"['Adventure', 'Brawler', 'Shooter']"
230,"['Adventure', 'Shooter']"
231,"['Adventure', 'Indie', 'Platform']"
232,"['Adventure', 'RPG', 'Shooter', 'Strategy']"
233,"['Adventure', 'Indie', 'Puzzle']"
234,"['Adventure', 'RPG']"
235,"['Adventure', 'Platform']"
236,"['Arcade', 'Puzzle']"
237,"['Shooter', 'Tactical']"
238,"['Adventure', 'Platform']"
239,"['Adventure', 'Platform', 'Shooter']"
240,"['Adventure', 'Visual Novel']"
241,"['Adventure', 'Indie']"
242,['Shooter']
243,"['Adventure', 'Indie', 'Point-and-Click', 'Simulator', 'Strategy']"
244,"['Adventure', 'Platform']"
245,"['Adventure', 'RPG', 'Turn Based Strategy']"
246,"['Adventure', 'Indie']"
247,"['Adventure', 'Shooter', 'Tactical']"
248,"['Adventure', 'Indie', 'Platform', 'Puzzle', 'RPG']"
249,"['Fighting', 'Platform']"
250,['Platform']
251,['Fighting']
252,"['Adventure', 'Visual Novel']"
253,"['Adventure', 'Brawler', 'Platform', 'RPG', 'Shooter']"
254,"['Adventure', 'Indie', 'Puzzle', 'Shooter']"
255,['Adventure']
256,"['RPG', 'Simulator', 'Visual Novel']"
257,"['Puzzle', 'Quiz/Trivia']"
258,"['RPG', 'Simulator']"
259,"['Adventure', 'Shooter', 'Tactical']"
260,"['Adventure', 'Platform', 'Strategy']"
261,"['Adventure', 'Indie', 'Point-and-Click', 'Puzzle', 'RPG']"
262,"['Indie', 'Puzzle', 'Strategy']"
263,"['Adventure', 'RPG']"
264,"['Fighting', 'Platform']"
265,"['Adventure', 'Platform']"
266,['Shooter']
267,"['Adventure', 'Brawler', 'RPG']"
268,"['Adventure', 'Platform']"
269,"['Adventure', 'Puzzle', 'Simulator', 'Visual Novel']"
270,"['Adventure', 'Platform', 'Shooter']"
271,"['Adventure', 'RPG']"
272,"['Adventure', 'Brawler']"
273,"['Adventure', 'Platform']"
274,"['Adventure', 'Puzzle']"
275,"['Adventure', 'Puzzle']"
276,"['Adventure', 'Platform', 'Shooter']"
277,"['Adventure', 'RPG']"
278,"['Adventure', 'Platform']"
279,['Adventure']
280,"['Adventure', 'RPG', 'Turn Based Strategy']"
281,"['Adventure', 'Indie', 'Point-and-Click', 'RPG', 'Simulator', 'Visual Novel']"
282,"['RPG', 'Shooter']"
283,"['Adventure', 'Indie', 'Platform']"
284,['Platform']
285,"['Adventure', 'Shooter']"
286,"['Platform', 'RPG']"
287,"['Adventure', 'Platform', 'Shooter']"
288,"['Adventure', 'Shooter']"
289,"['Adventure', 'RPG', 'Shooter']"
290,"['Adventure', 'Indie', 'Simulator']"
291,"['Adventure', 'RPG']"
292,"['Adventure', 'Shooter']"
293,"['Adventure', 'Shooter', 'Tactical']"
294,['Music']
295,"['Indie', 'Music']"
296,"['Adventure', 'RPG']"
297,"['Adventure', 'RPG']"
298,"['Brawler', 'RPG', 'Simulator', 'Strategy', 'Tactical']"
299,['Fighting']
300,"['Adventure', 'RPG', 'Strategy', 'Turn Based Strategy']"
301,"['Adventure', 'Platform', 'RPG']"
302,"['Adventure', 'Brawler']"
303,"['Adventure', 'Brawler']"
304,['RPG']
305,"['Adventure', 'RPG']"
306,"['Adventure', 'Indie', 'Puzzle']"
307,"['Brawler', 'RPG']"
308,['Platform']
309,"['RPG', 'Strategy', 'Tactical']"
310,"['Adventure', 'Brawler', 'Puzzle']"
311,"['Adventure', 'Platform']"
312,"['Adventure', 'RPG', 'Strategy', 'Turn Based Strategy']"
313,"['Adventure', 'RPG']"
314,['Shooter']
315,['Fighting']
316,['Arcade']
317,['Adventure']
318,"['Adventure', 'RPG', 'Simulator', 'Strategy', 'Turn Based Strategy']"
319,"['Adventure', 'Indie', 'Platform', 'Simulator']"
320,"['Adventure', 'Platform', 'Puzzle']"
321,"['Adventure', 'RPG', 'Shooter']"
322,"['Strategy', 'Tactical']"
323,"['Adventure', 'Arcade', 'Indie', 'Music']"
324,"['Adventure', 'RPG', 'Shooter']"
325,"['Fighting', 'Visual Novel']"
326,"['Adventure', 'RPG']"
327,"['Adventure', 'Brawler', 'Indie', 'RPG']"
328,"['Adventure', 'RPG']"
329,"['Adventure', 'Indie', 'RPG', 'Turn Based Strategy']"
330,"['Adventure', 'Indie', 'Platform']"
331,"['Adventure', 'Simulator']"
332,"['Adventure', 'Indie', 'RPG', 'Turn Based Strategy']"
333,"['Adventure', 'Platform']"
334,"['Indie', 'Strategy']"
335,"['Brawler', 'RPG']"
336,"['Adventure', 'RPG', 'Turn Based Strategy']"
337,"['Adventure', 'Indie']"
338,"['Adventure', 'Brawler', 'RPG']"
339,"['Adventure', 'Platform', 'Puzzle', 'Shooter']"
340,"['Adventure', 'RPG']"
341,"['Adventure', 'Indie', 'Platform']"
342,"['Adventure', 'Brawler', 'RPG', 'Simulator']"
343,"['Adventure', 'RPG', 'Shooter']"
344,"['Platform', 'Puzzle', 'Shooter']"
345,"['Adventure', 'Platform']"
346,"['Adventure', 'RPG', 'Turn Based Strategy']"
347,"['Adventure', 'Brawler', 'Music', 'Platform']"
348,"['Adventure', 'Brawler', 'Shooter', 'Strategy']"
349,"['Adventure', 'Shooter']"
350,"['Adventure', 'RPG', 'Shooter']"
351,"['Adventure', 'Brawler']"
352,"['Adventure', 'RPG']"
353,"['Adventure', 'Platform']"
354,"['Adventure', 'Indie', 'RPG']"
355,"['Adventure', 'Brawler']"
356,"['Adventure', 'RPG']"
357,"['Adventure', 'RPG']"
358,"['Adventure', 'Platform']"
359,"['Fighting', 'Platform']"
360,"['Arcade', 'Indie', 'Platform', 'Shooter']"
361,"['Adventure', 'Brawler']"
362,"['Adventure', 'RPG', 'Turn Based Strategy']"
363,"['Adventure', 'RPG', 'Simulator', 'Visual Novel']"
364,"['Adventure', 'RPG']"
365,"['Adventure', 'Indie']"
366,"['Adventure', 'Shooter']"
367,"['Adventure', 'Platform']"
368,"['RPG', 'Shooter']"
369,"['Adventure', 'Indie', 'Puzzle', 'Simulator']"
370,"['Adventure', 'Shooter']"
371,['Shooter']
372,"['Adventure', 'RPG', 'Turn Based Strategy']"
373,"['Brawler', 'Shooter']"
374,"['Indie', 'RPG', 'Simulator', 'Strategy']"
375,"['Adventure', 'Shooter']"
376,"['Adventure', 'Puzzle']"
377,"['Adventure', 'RPG']"
378,"['Adventure', 'RPG', 'Turn Based Strategy']"
379,['Shooter']
380,"['Adventure', 'RPG']"
381,"['Indie', 'Platform', 'Shooter', 'Visual Novel']"
382,"['Adventure', 'Brawler']"
383,['Shooter']
384,['Shooter']
385,"['Adventure', 'RPG']"
386,"['Adventure', 'Platform']"
387,"['Adventure', 'Card & Board Game', 'Indie', 'Puzzle', 'Strategy']"
388,"['Adventure', 'Indie', 'Puzzle', 'RPG']"
389,"['Adventure', 'RPG']"
390,"['Adventure', 'RPG']"
391,"['Arcade', 'Indie', 'RPG']"
392,"['Adventure', 'Brawler']"
393,"['Adventure', 'Brawler', 'RPG']"
394,"['Adventure', 'Point-and-Click', 'Puzzle', 'Visual Novel']"
395,['Shooter']
396,"['Adventure', 'RPG']"
397,"['Platform', 'Shooter']"
398,['Arcade']
399,"['Adventure', 'Arcade', 'Indie', 'Platform', 'Strategy']"
400,"['Adventure', 'RPG']"
401,"['Adventure', 'RPG']"
402,"['Adventure', 'Shooter']"
403,"['Adventure', 'Platform', 'Puzzle']"
404,"['Arcade', 'Brawler', 'Indie']"
405,"['Adventure', 'Platform']"
406,"['RPG', 'Shooter']"
407,"['Adventure', 'Shooter']"
408,"['Adventure', 'Puzzle', 'RPG']"
409,"['Adventure', 'Puzzle']"
410,"['Fighting', 'Platform']"
411,"['RPG', 'Shooter']"
412,"['Adventure', 'Brawler']"
413,"['Adventure', 'Brawler', 'RPG']"
414,"['Brawler', 'Indie']"
415,['Platform']
416,"['Adventure', 'RPG']"
417,"['Adventure', 'Shooter', 'Tactical']"
418,"['Adventure', 'Platform']"
419,"['Adventure', 'RPG']"
420,"['Adventure', 'Shooter']"
421,['Shooter']
422,['RPG']
423,"['Adventure', 'Shooter']"
424,['Platform']
425,"['Indie', 'Racing', 'Sport']"
426,"['Adventure', 'Brawler']"
427,['Brawler']
428,"['Adventure', 'RPG', 'Turn Based Strategy']"
429,['Fighting']
430,"['Simulator', 'Sport']"
431,"['Adventure', 'RPG']"
432,['Racing']
433,"['Adventure', 'Shooter']"
434,"['Indie', 'Point-and-Click', 'Puzzle', 'Simulator']"
435,"['Adventure', 'RPG', 'Shooter']"
436,"['Adventure', 'RPG']"
437,"['Adventure', 'Indie', 'RPG', 'Turn Based Strategy']"
438,"['Adventure', 'RPG', 'Shooter']"
439,"['Adventure', 'Platform', 'Puzzle', 'Shooter']"
440,"['Adventure', 'Platform']"
441,"['Adventure', 'Platform']"
442,"['Adventure', 'Indie', 'Puzzle']"
443,"['Adventure', 'Brawler', 'RPG']"
444,"['Adventure', 'RPG', 'Turn Based Strategy']"
445,"['Brawler', 'RPG']"
446,"['Adventure', 'Platform']"
447,"['Adventure', 'RPG', 'Turn Based Strategy']"
448,['Shooter']
449,"['Adventure', 'Platform']"
450,"['Adventure', 'Platform', 'Puzzle']"
451,"['Adventure', 'RPG']"
452,"['Adventure', 'Platform', 'Puzzle']"
453,"['Adventure', 'RPG']"
454,"['Adventure', 'RPG']"
455,['Adventure']
456,"['Adventure', 'Platform']"
457,"['Adventure', 'RPG']"
458,['Shooter']
459,"['Adventure', 'Platform', 'Shooter']"
460,"['Adventure', 'RPG', 'Turn Based Strategy']"
461,"['Adventure', 'Indie']"
462,['Adventure']
463,"['Adventure', 'Puzzle', 'Visual Novel']"
464,"['Adventure', 'Puzzle']"
465,"['Adventure', 'RPG']"
466,"['Adventure', 'RPG', 'Turn Based Strategy']"
467,"['Adventure', 'Brawler', 'Platform']"
468,"['Adventure', 'RPG', 'Shooter']"
469,['Racing']
470,"['Adventure', 'RPG', 'Shooter', 'Strategy']"
471,['Brawler']
472,"['Adventure', 'Platform']"
473,"['Adventure', 'Platform']"
474,['Shooter']
475,"['Adventure', 'RPG']"
476,"['Adventure', 'Platform', 'Shooter']"
477,"['Adventure', 'Indie']"
478,['Shooter']
479,"['Adventure', 'Platform']"
480,"['Adventure', 'Indie', 'RPG']"
481,"['Adventure', 'RPG', 'Simulator']"
482,"['Indie', 'Simulator']"
483,"['Adventure', 'Shooter']"
484,"['RPG', 'Shooter']"
485,"['Adventure', 'RPG', 'Shooter']"
486,['RPG']
487,"['Adventure', 'Arcade', 'Indie', 'Shooter']"
488,"['Adventure', 'Indie', 'Visual Novel']"
489,"['Adventure', 'Indie', 'Platform']"
490,"['Adventure', 'Indie']"
491,"['Adventure', 'RPG']"
492,"['Adventure', 'Brawler', 'Indie', 'Platform', 'RPG']"
493,"['Adventure', 'RPG', 'Strategy']"
494,"['Indie', 'Point-and-Click', 'Simulator']"
495,"['Adventure', 'Shooter']"
496,"['Adventure', 'Brawler', 'Shooter']"
497,"['Adventure', 'Shooter']"
498,"['Adventure', 'Indie', 'Platform']"
499,"['Adventure', 'RPG', 'Shooter', 'Strategy']"
500,"['Adventure', 'Indie', 'Puzzle']"
501,"['Adventure', 'RPG']"
502,"['Adventure', 'Platform']"
503,"['Arcade', 'Puzzle']"
504,"['Shooter', 'Tactical']"
505,"['Adventure', 'Platform']"
506,"['Adventure', 'Platform', 'Shooter']"
507,"['Adventure', 'Visual Novel']"
508,"['Adventure', 'Indie']"
509,['Shooter']
510,"['Adventure', 'Indie', 'Point-and-Click', 'Simulator', 'Strategy']"
511,"['Adventure', 'Platform']"
512,['Platform']
513,"['Adventure', 'Shooter']"
514,"['Adventure', 'Visual Novel']"
515,"['Adventure', 'Indie']"
516,"['Adventure', 'Arcade', 'Indie', 'RPG', 'Shooter']"
517,['Adventure']
518,"['Adventure', 'Puzzle']"
519,['Racing']
520,"['Adventure', 'Brawler', 'Indie', 'RPG']"
521,"['Adventure', 'Indie', 'Platform', 'RPG']"
522,['Card & Board Game']
523,['Adventure']
524,['Racing']
525,"['RPG', 'Turn Based Strategy']"
526,"['Adventure', 'Indie', 'Point-and-Click', 'Puzzle']"
527,"['Adventure', 'Puzzle']"
528,"['Adventure', 'RPG']"
529,"['Adventure', 'Indie', 'RPG', 'Strategy', 'Turn Based Strategy']"
530,"['Adventure', 'Shooter']"
531,"['Adventure', 'Music', 'Shooter']"
532,"['Adventure', 'RPG', 'Turn Based Strategy']"
533,"['Adventure', 'Indie']"
534,"['Adventure', 'Shooter', 'Tactical']"
535,"['Adventure', 'Indie', 'Platform', 'Puzzle', 'RPG']"
536,"['Fighting', 'Platform']"
537,['Platform']
538,['Fighting']
539,"['Adventure', 'Visual Novel']"
540,"['Adventure', 'Brawler', 'Platform', 'RPG', 'Shooter']"
541,"['Adventure', 'Indie', 'Puzzle', 'Shooter']"
542,['Adventure']
543,"['RPG', 'Simulator', 'Visual Novel']"
544,"['Puzzle', 'Quiz/Trivia']"
545,"['RPG', 'Simulator']"
546,"['Adventure', 'Shooter', 'Tactical']"
547,"['Adventure', 'Platform', 'Strategy']"
548,"['Adventure', 'Indie', 'Point-and-Click', 'Puzzle', 'RPG']"
549,"['Indie', 'Puzzle', 'Strategy']"
550,"['Adventure', 'RPG']"
551,"['Fighting', 'Platform']"
552,"['Adventure', 'Platform']"
553,['Shooter']
554,"['Adventure', 'Brawler', 'RPG']"
555,"['Adventure', 'Platform']"
556,"['Adventure', 'Puzzle', 'Simulator', 'Visual Novel']"
557,"['Adventure', 'Platform', 'Shooter']"
558,"['Adventure', 'RPG']"
559,"['Adventure', 'Brawler']"
560,"['Adventure', 'Platform']"
561,"['Adventure', 'Puzzle']"
562,"['Adventure', 'Puzzle']"
563,"['Adventure', 'Platform', 'Shooter']"
564,"['Adventure', 'RPG']"
565,"['Adventure', 'Platform']"
566,['Adventure']
567,"['Adventure', 'RPG', 'Turn Based Strategy']"
568,"['Adventure', 'Indie', 'Point-and-Click', 'RPG', 'Simulator', 'Visual Novel']"
569,"['RPG', 'Shooter']"
570,"['Adventure', 'Indie', 'Platform']"
571,['Platform']
572,['Shooter']
573,"['Adventure', 'RPG']"
574,"['Adventure', 'Shooter']"
575,"['Adventure', 'Shooter']"
576,"['Adventure', 'Simulator']"
577,['Shooter']
578,"['Adventure', 'Shooter']"
579,"['Adventure', 'RPG', 'Shooter', 'Simulator', 'Strategy']"
580,"['Adventure', 'Point-and-Click', 'Puzzle']"
581,"['Adventure', 'RPG']"
582,['Shooter']
583,"['Adventure', 'RPG']"
584,"['Adventure', 'Indie', 'Shooter']"
585,"['Adventure', 'RPG']"
586,"['Adventure', 'Indie', 'Shooter', 'Sport']"
587,['RPG']
588,"['Adventure', 'RPG', 'Strategy', 'Turn Based Strategy']"
589,"['Card & Board Game', 'Simulator', 'Strategy']"
590,"['Adventure', 'Fighting']"
591,['Arcade']
592,"['RPG', 'Strategy']"
593,['Fighting']
594,['RPG']
595,"['Adventure', 'Brawler', 'RPG']"
596,"['Adventure', 'Indie', 'Platform']"
597,"['Adventure', 'RPG']"
598,"['Adventure', 'Platform']"
599,"['Arcade', 'Fighting']"
600,"['Adventure', 'Point-and-Click', 'Puzzle']"
601,"['RPG', 'Shooter']"
602,"['Adventure', 'Platform']"
603,"['Adventure', 'Indie', 'Puzzle', 'RPG']"
604,['Shooter']
605,"['Adventure', 'Indie', 'Puzzle', 'Simulator', 'Strategy']"
606,"['Adventure', 'Platform']"
607,"['Adventure', 'Shooter']"
608,"['Adventure', 'RPG', 'Turn Based Strategy']"
609,"['Card & Board Game', 'Indie', 'Puzzle', 'RPG', 'Simulator', 'Strategy', 'Turn Based Strategy']"
610,"['Card & Board Game', 'Strategy']"
611,"['Adventure', 'RPG']"
612,"['Adventure', 'Indie', 'Point-and-Click', 'Simulator', 'Strategy']"
613,['Fighting']
614,"['Adventure', 'Visual Novel']"
615,"['Adventure', 'RPG']"
616,['Brawler']
617,['RPG']
618,"['Adventure', 'Indie', 'Platform', 'RPG']"
619,"['Adventure', 'Puzzle', 'RPG']"
620,"['Adventure', 'Platform']"
621,['Adventure']
622,"['Adventure', 'Platform', 'Shooter']"
623,"['Shooter', 'Strategy']"
624,"['Adventure', 'RPG']"
625,"['Adventure', 'RPG']"
626,"['Adventure', 'Indie', 'Puzzle']"
627,"['Brawler', 'RPG']"
628,['Platform']
629,"['RPG', 'Strategy', 'Tactical']"
630,"['Adventure', 'Brawler', 'Puzzle']"
631,"['Adventure', 'Platform']"
632,['Sport']
633,"['Adventure', 'RPG', 'Strategy']"
634,['Shooter']
635,"['Simulator', 'Sport']"
636,['Racing']
637,"['Adventure', 'Puzzle', 'RPG', 'Strategy', 'Visual Novel']"
638,"['Adventure', 'RPG', 'Shooter']"
639,"['Music', 'Simulator']"
640,"['Simulator', 'Strategy', 'Turn Based Strategy']"
641,"['Adventure', 'Brawler', 'RPG']"
642,['Shooter']
643,"['RPG', 'Strategy', 'Tactical', 'Turn Based Strategy']"
644,"['Adventure', 'Indie', 'Music', 'Puzzle', 'RPG']"
645,['Fighting']
646,"['Adventure', 'Shooter']"
647,"['Adventure', 'RPG', 'Shooter']"
648,"['Adventure', 'RPG', 'Simulator', 'Visual Novel']"
649,"['Adventure', 'Shooter']"
650,"['Adventure', 'RPG']"
651,"['Adventure', 'Indie', 'Music', 'RPG']"
652,"['Adventure', 'Indie', 'Simulator', 'Strategy']"
653,"['Adventure', 'RPG', 'Strategy']"
654,"['Adventure', 'Brawler']"
655,"['Adventure', 'RPG', 'Turn Based Strategy']"
656,"['RPG', 'Strategy', 'Tactical', 'Turn Based Strategy']"
657,"['Indie', 'RPG', 'Simulator', 'Strategy', 'Turn Based Strategy']"
658,"['Adventure', 'Platform', 'Shooter']"
659,"['Adventure', 'RPG', 'Strategy', 'Visual Novel']"
660,"['Adventure', 'Indie', 'RPG', 'Visual Novel']"
661,"['Shooter', 'Strategy']"
662,"['Adventure', 'Shooter']"
663,"['Brawler', 'Platform']"
664,"['Adventure', 'Puzzle']"
665,"['Shooter', 'Simulator']"
666,['Fighting']
667,"['Adventure', 'Brawler', 'Shooter']"
668,['Adventure']
669,"['Adventure', 'Indie', 'Point-and-Click', 'Puzzle']"
670,"['Brawler', 'RPG']"
671,"['Adventure', 'Brawler', 'Platform', 'RPG']"
672,"['Adventure', 'Shooter']"
673,"['Adventure', 'Brawler', 'Platform']"
674,"['Adventure', 'Indie', 'Platform']"
675,['Platform']
676,"['Arcade', 'Platform', 'Shooter']"
677,['Adventure']
678,"['RPG', 'Strategy']"
679,['Platform']
680,"['Adventure', 'RPG']"
681,"['Adventure', 'Platform', 'Puzzle']"
682,"['Adventure', 'Indie']"
683,['RPG']
684,"['RPG', 'Turn Based Strategy']"
685,['Adventure']
686,['Visual Novel']
687,"['Adventure', 'Arcade', 'Brawler', 'Fighting']"
688,"['Adventure', 'Platform']"
689,"['Arcade', 'Puzzle']"
690,"['Adventure', 'Real Time Strategy']"
691,"['Adventure', 'Visual Novel']"
692,"['Adventure', 'RPG']"
693,"['Adventure', 'Platform', 'Shooter']"
694,"['RPG', 'Strategy', 'Tactical']"
695,"['Adventure', 'Racing', 'Sport']"
696,['Sport']
697,"['Adventure', 'Indie', 'Platform', 'Puzzle', 'Strategy']"
698,"['RPG', 'Shooter']"
699,"['Adventure', 'RPG']"
700,"['Card & Board Game', 'Platform', 'Puzzle']"
701,"['Adventure', 'Indie', 'Point-and-Click']"
702,"['Adventure', 'Platform', 'Puzzle']"
703,"['Adventure', 'Puzzle']"
704,['Adventure']
705,['Platform']
706,"['Adventure', 'RPG', 'Simulator']"
707,"['Adventure', 'RPG']"
708,['Adventure']
709,"['Adventure', 'Platform']"
710,"['Adventure', 'RPG']"
711,"['Indie', 'Simulator']"
712,"['Adventure', 'Racing', 'Shooter']"
713,[]
714,"['Adventure', 'Platform']"
715,"['Adventure', 'RPG', 'Shooter']"
716,"['Adventure', 'RPG', 'Simulator', 'Strategy', 'Tactical', 'Visual Novel']"
717,"['Adventure', 'Shooter', 'Tactical']"
718,"['Adventure', 'Racing', 'Shooter']"
719,['RPG']
720,"['Adventure', 'RPG']"
721,"['Music', 'Platform', 'Racing', 'Sport']"
722,"['Arcade', 'Indie', 'Simulator', 'Strategy']"
723,"['Adventure', 'RPG']"
724,"['Indie', 'Music']"
725,"['RPG', 'Strategy', 'Turn Based Strategy']"
726,"['Adventure', 'Shooter']"
727,"['Platform', 'Puzzle', 'Shooter']"
728,"['Adventure', 'RPG']"
729,"['Adventure', 'Brawler', 'Platform']"
730,"['Adventure', 'RPG', 'Turn Based Strategy']"
731,"['Adventure', 'Indie', 'RPG']"
732,"['Adventure', 'Indie', 'Visual Novel']"
733,"['Adventure', 'Platform']"
734,"['Indie', 'RPG']"
735,"['Adventure', 'RPG']"
736,['RPG']
737,"['Adventure', 'Brawler', 'Racing', 'Shooter']"
738,"['Adventure', 'Shooter']"
739,"['Adventure', 'Indie', 'Puzzle']"
740,['Fighting']
741,"['Adventure', 'Arcade', 'Platform']"
742,"['Adventure', 'Brawler', 'Puzzle']"
743,"['Adventure', 'RPG', 'Shooter']"
744,"['Arcade', 'Indie', 'Music', 'Puzzle']"
745,"['Adventure', 'Fighting', 'Shooter', 'Simulator', 'Strategy']"
746,"['Adventure', 'Brawler', 'RPG']"
747,"['Adventure', 'Indie', 'Puzzle']"
748,['Shooter']
749,"['Point-and-Click', 'Puzzle', 'Visual Novel']"
750,['Adventure']
751,['Platform']
752,"['RPG', 'Strategy', 'Tactical']"
753,"['Adventure', 'Brawler', 'Indie', 'RPG', 'Simulator']"
754,"['Adventure', 'Real Time Strategy']"
755,"['Adventure', 'Indie', 'Point-and-Click', 'Simulator', 'Strategy']"
756,"['Adventure', 'Simulator', 'Visual Novel']"
757,"['Adventure', 'RPG']"
758,"['Adventure', 'Point-and-Click', 'Puzzle', 'RPG', 'Visual Novel']"
759,"['Adventure', 'Shooter']"
760,"['RPG', 'Simulator', 'Strategy']"
761,['Platform']
762,"['Indie', 'RPG', 'Simulator', 'Strategy']"
763,['Card & Board Game']
764,"['Adventure', 'Simulator']"
765,['Simulator']
766,"['RPG', 'Strategy', 'Turn Based Strategy']"
767,"['Adventure', 'Indie', 'Platform']"
768,"['Adventure', 'RPG']"
769,"['Indie', 'Strategy']"
770,['Adventure']
771,"['Adventure', 'RPG']"
772,"['Adventure', 'RPG', 'Turn Based Strategy']"
773,"['Fighting', 'Indie']"
774,"['Shooter', 'Strategy']"
775,"['Adventure', 'Brawler', 'RPG']"
776,"['Adventure', 'RPG']"
777,"['Adventure', 'Brawler', 'Indie', 'RPG']"
778,"['Adventure', 'RPG']"
779,"['Adventure', 'Indie', 'RPG', 'Turn Based Strategy']"
780,"['Adventure', 'Indie', 'Platform']"
781,"['Adventure', 'Simulator']"
782,"['Adventure', 'Indie', 'RPG', 'Turn Based Strategy']"
783,"['Adventure', 'Platform']"
784,"['Indie', 'Strategy']"
785,"['Brawler', 'RPG']"
786,"['Adventure', 'RPG', 'Turn Based Strategy']"
787,"['Adventure', 'Indie']"
788,"['Adventure', 'Brawler', 'RPG']"
789,"['Adventure', 'Platform', 'Puzzle', 'Shooter']"
790,"['Adventure', 'RPG']"
791,"['Adventure', 'Indie', 'Platform']"
792,"['Adventure', 'Brawler', 'RPG', 'Simulator']"
793,"['Adventure', 'RPG', 'Shooter']"
794,"['Platform', 'Puzzle', 'Shooter']"
795,"['Adventure', 'Platform']"
796,"['Adventure', 'RPG', 'Turn Based Strategy']"
797,"['Adventure', 'Brawler', 'Music', 'Platform']"
798,"['Adventure', 'Brawler', 'Shooter', 'Strategy']"
799,"['Adventure', 'Shooter']"
800,"['Adventure', 'RPG', 'Shooter']"
801,"['Adventure', 'Brawler']"
802,"['Adventure', 'RPG']"
803,"['Adventure', 'Platform']"
804,"['Adventure', 'Indie', 'RPG']"
805,"['Adventure', 'Brawler']"
806,"['Adventure', 'RPG']"
807,"['Adventure', 'RPG']"
808,"['Adventure', 'Platform']"
809,"['Fighting', 'Platform']"
810,"['Arcade', 'Indie', 'Platform', 'Shooter']"
811,"['Adventure', 'Brawler']"
812,"['Adventure', 'RPG', 'Turn Based Strategy']"
813,"['Adventure', 'RPG', 'Simulator', 'Visual Novel']"
814,"['Adventure', 'RPG']"
815,"['Adventure', 'Indie']"
816,"['Adventure', 'Shooter']"
817,"['Adventure', 'Platform']"
818,"['RPG', 'Shooter']"
819,"['Adventure', 'Indie', 'Puzzle', 'Simulator']"
820,"['Adventure', 'Shooter']"
821,['Shooter']
822,"['Adventure', 'RPG', 'Turn Based Strategy']"
823,"['Brawler', 'Shooter']"
824,"['Indie', 'RPG', 'Simulator', 'Strategy']"
825,"['Adventure', 'Shooter']"
826,"['Adventure', 'Puzzle']"
827,"['Adventure', 'RPG']"
828,"['Adventure', 'RPG', 'Turn Based Strategy']"
829,['Shooter']
830,"['Adventure', 'RPG']"
831,"['Indie', 'Platform', 'Shooter', 'Visual Novel']"
832,"['Adventure', 'Brawler']"
833,['Shooter']
834,['Shooter']
835,"['Adventure', 'RPG']"
836,"['Adventure', 'Platform']"
837,"['Adventure', 'Card & Board Game', 'Indie', 'Puzzle', 'Strategy']"
838,"['Adventure', 'Indie', 'Puzzle', 'RPG']"
839,"['Adventure', 'RPG']"
840,"['Adventure', 'RPG']"
841,"['Arcade', 'Indie', 'RPG']"
842,"['Adventure', 'RPG', 'Shooter', 'Strategy']"
843,"['Indie', 'Platform', 'Sport']"
844,"['Adventure', 'Platform', 'Puzzle']"
845,"['Adventure', 'RPG', 'Shooter']"
846,"['Adventure', 'Tactical']"
847,"['Adventure', 'RPG', 'Turn Based Strategy']"
848,['Simulator']
849,"['Adventure', 'Shooter']"
850,"['Adventure', 'Indie', 'RPG', 'Turn Based Strategy']"
851,"['Adventure', 'RPG']"
852,"['Adventure', 'Platform']"
853,"['Adventure', 'RPG', 'Shooter']"
854,['Shooter']
855,"['MOBA', 'RPG', 'Strategy']"
856,"['Adventure', 'Shooter']"
857,"['Adventure', 'Indie', 'Visual Novel']"
858,"['Adventure', 'Brawler']"
859,"['Adventure', 'Brawler', 'RPG']"
860,"['Adventure', 'Point-and-Click', 'Puzzle', 'Visual Novel']"
861,['Shooter']
862,"['Adventure', 'RPG']"
863,"['Platform', 'Shooter']"
864,['Arcade']
865,"['Adventure', 'Arcade', 'Indie', 'Platform', 'Strategy']"
866,"['Adventure', 'RPG']"
867,"['Adventure', 'RPG']"
868,"['Adventure', 'Shooter']"
869,"['Adventure', 'Platform', 'Puzzle']"
870,"['Arcade', 'Brawler', 'Indie']"
871,"['Adventure', 'Platform']"
872,"['RPG', 'Shooter']"
873,"['Adventure', 'Shooter']"
874,"['Adventure', 'Puzzle', 'RPG']"
875,"['Adventure', 'Puzzle']"
876,"['Fighting', 'Platform']"
877,"['RPG', 'Shooter']"
878,"['Adventure', 'Brawler']"
879,"['Adventure', 'Brawler', 'RPG']"
880,"['Brawler', 'Indie']"
881,['Platform']
882,"['Adventure', 'RPG']"
883,"['Adventure', 'Shooter', 'Tactical']"
884,"['Adventure', 'Platform']"
885,"['Adventure', 'RPG']"
886,"['Adventure', 'Shooter']"
887,['Shooter']
888,['RPG']
889,"['Adventure', 'Shooter']"
890,['Platform']
891,"['Indie', 'Racing', 'Sport']"
892,"['Adventure', 'Brawler']"
893,['Brawler']
894,"['Adventure', 'RPG', 'Turn Based Strategy']"
895,['Fighting']
896,"['Simulator', 'Sport']"
897,"['Adventure', 'RPG']"
898,['Racing']
899,"['Adventure', 'Shooter']"
900,"['Indie', 'Point-and-Click', 'Puzzle', 'Simulator']"
901,"['Adventure', 'RPG', 'Shooter']"
902,"['Adventure', 'RPG']"
903,"['Adventure', 'Indie', 'RPG', 'Turn Based Strategy']"
904,"['Adventure', 'RPG', 'Shooter']"
905,"['Adventure', 'Platform', 'Puzzle', 'Shooter']"
906,"['Adventure', 'Platform']"
907,"['Adventure', 'Platform']"
908,"['Adventure', 'Indie', 'Puzzle']"
909,"['Adventure', 'Brawler', 'RPG']"
910,"['Adventure', 'RPG', 'Turn Based Strategy']"
911,"['Brawler', 'RPG']"
912,"['Adventure', 'Platform', 'Shooter']"
913,['Brawler']
914,"['Adventure', 'Platform']"
915,['RPG']
916,"['Adventure', 'Brawler', 'Indie', 'RPG']"
917,"['Adventure', 'Brawler', 'Shooter']"
918,"['Adventure', 'Platform']"
919,"['Adventure', 'RPG']"
920,['RPG']
921,"['Adventure', 'Platform', 'Shooter']"
922,"['Adventure', 'Platform']"
923,"['Adventure', 'Shooter', 'Tactical']"
924,"['Adventure', 'RPG', 'Shooter']"
925,"['Adventure', 'Simulator']"
926,"['Adventure', 'Shooter']"
927,"['Arcade', 'RPG']"
928,"['Adventure', 'Indie', 'Platform']"
929,"['Adventure', 'Indie', 'Puzzle']"
930,"['Adventure', 'RPG', 'Strategy']"
931,"['Adventure', 'Indie', 'Platform']"
932,"['Adventure', 'Platform']"
933,"['RPG', 'Shooter']"
934,"['Adventure', 'Indie', 'Puzzle']"
935,"['Adventure', 'Brawler', 'RPG']"
936,"['RPG', 'Shooter']"
937,"['Adventure', 'Platform', 'Shooter']"
938,"['Adventure', 'Point-and-Click', 'Puzzle', 'Visual Novel']"
939,"['Adventure', 'Brawler', 'RPG']"
940,['Platform']
941,"['Adventure', 'Indie', 'Platform', 'Puzzle']"
942,"['Adventure', 'Puzzle']"
943,['Shooter']
944,"['Adventure', 'Point-and-Click']"
945,['Racing']
946,['Shooter']
947,"['Adventure', 'Brawler']"
948,"['Adventure', 'Puzzle', 'RPG']"
949,"['Adventure', 'Indie', 'Point-and-Click', 'Puzzle']"
950,"['Adventure', 'RPG']"
951,"['Adventure', 'RPG', 'Strategy', 'Visual Novel']"
952,"['Adventure', 'Platform']"
953,"['Adventure', 'Platform', 'Shooter']"
954,"['Adventure', 'RPG']"
955,"['Adventure', 'Indie', 'Visual Novel']"
956,"['Adventure', 'Puzzle', 'RPG']"
957,"['Adventure', 'RPG']"
958,"['Adventure', 'RPG']"
959,"['RPG', 'Simulator']"
960,"['Adventure', 'Indie', 'Platform']"
961,['RPG']
962,"['Adventure', 'RPG']"
963,"['Adventure', 'Platform', 'RPG']"
964,['Shooter']
965,"['Adventure', 'Arcade', 'Racing', 'Shooter']"
966,"['Adventure', 'Indie', 'Platform']"
967,"['Adventure', 'Platform', 'Puzzle']"
968,"['Adventure', 'RPG']"
969,"['Adventure', 'RPG']"
970,['Adventure']
971,"['Adventure', 'Platform']"
972,"['Adventure', 'RPG']"
973,"['Adventure', 'Strategy']"
974,"['Adventure', 'Platform']"
975,"['Adventure', 'Indie', 'Visual Novel']"
976,"['Adventure', 'Indie', 'RPG']"
977,['Platform']
978,"['Adventure', 'Puzzle']"
979,"['Adventure', 'RPG', 'Shooter']"
980,"['Adventure', 'RPG']"
981,"['Adventure', 'Shooter']"
982,"['Adventure', 'Point-and-Click']"
983,"['Adventure', 'Shooter']"
984,"['Adventure', 'Platform']"
985,['Adventure']
986,"['Brawler', 'Shooter']"
987,"['Adventure', 'Indie', 'RPG', 'Strategy', 'Turn Based Strategy']"
988,"['Adventure', 'RPG', 'Shooter']"
989,"['Adventure', 'Brawler', 'Platform']"
990,['Adventure']
991,"['Adventure', 'Shooter', 'Tactical']"
992,['Platform']
993,"['Adventure', 'Brawler']"
994,"['Adventure', 'Indie', 'Puzzle']"
995,"['Adventure', 'RPG']"
996,['Adventure']
997,"['Adventure', 'Brawler']"
998,['Shooter']
999,['Platform']
1000,"['Adventure', 'Racing', 'Shooter', 'Simulator']"
1001,"['Indie', 'Strategy']"
1002,"['Adventure', 'Indie', 'Puzzle', 'Simulator']"
1003,"['Adventure', 'Brawler']"
1004,"['Platform', 'Shooter']"
1005,"['Adventure', 'RPG', 'Turn Based Strategy']"
1006,"['Adventure', 'Indie']"
1007,"['Adventure', 'RPG']"
1008,"['Adventure', 'RPG']"
1009,"['Adventure', 'Puzzle', 'Visual Novel']"
1010,"['Adventure', 'Brawler']"
1011,"['Adventure', 'Shooter']"
1012,['Adventure']
1013,"['Adventure', 'Brawler', 'Platform']"
1014,"['RPG', 'Shooter']"
1015,['Fighting']
1016,"['Adventure', 'Platform', 'Puzzle']"
1017,"['RPG', 'Turn Based Strategy']"
1018,"['Adventure', 'Indie', 'Puzzle']"
1019,['Simulator']
1020,"['Adventure', 'RPG']"
1021,"['Adventure', 'RPG']"
1022,"['Adventure', 'Platform']"
1023,"['Adventure', 'RPG', 'Shooter']"
1024,['Platform']
1025,['Platform']
1026,"['Adventure', 'Shooter']"
1027,"['Adventure', 'Visual Novel']"
1028,"['Adventure', 'Indie']"
1029,"['Adventure', 'Arcade', 'Indie', 'RPG', 'Shooter']"
1030,['Adventure']
1031,"['Adventure', 'Puzzle']"
1032,['Music']
1033,"['Indie', 'Music']"
1034,"['Adventure', 'RPG']"
1035,"['Adventure', 'RPG']"
1036,"['Brawler', 'RPG', 'Simulator', 'Strategy', 'Tactical']"
1037,['Fighting']
1038,"['Adventure', 'RPG', 'Strategy', 'Turn Based Strategy']"
1039,"['Adventure', 'Platform', 'RPG']"
1040,"['Adventure', 'Brawler']"
1041,"['Adventure', 'Brawler']"
1042,['RPG']
1043,"['Arcade', 'Racing']"
1044,"['Adventure', 'RPG']"
1045,"['Adventure', 'Indie', 'RPG']"
1046,"['Adventure', 'Indie', 'Puzzle', 'Simulator']"
1047,"['Adventure', 'Platform']"
1048,"['Adventure', 'Racing', 'Shooter']"
1049,"['Adventure', 'Shooter']"
1050,"['Adventure', 'RPG', 'Turn Based Strategy']"
1051,"['Adventure', 'Arcade', 'Indie', 'Platform', 'Puzzle', 'RPG']"
1052,"['Adventure', 'RPG']"
1053,"['Arcade', 'Fighting', 'Indie', 'Platform']"
1054,['MOBA']
1055,"['Adventure', 'Indie', 'Platform', 'Shooter']"
1056,"['Adventure', 'Arcade', 'Indie', 'Platform']"
1057,['Platform']
1058,"['Adventure', 'Indie', 'RPG']"
1059,"['RPG', 'Simulator', 'Strategy', 'Tactical']"
1060,"['Adventure', 'Indie', 'Platform', 'RPG']"
1061,['Shooter']
1062,"['Adventure', 'Puzzle', 'Visual Novel']"
1063,"['Adventure', 'Indie', 'RPG', 'Strategy', 'Turn Based Strategy']"
1064,"['Adventure', 'Platform', 'Simulator']"
1065,"['Adventure', 'Platform', 'Puzzle']"
1066,"['Adventure', 'Brawler', 'RPG', 'Strategy']"
1067,['Shooter']
1068,['Adventure']
1069,"['Puzzle', 'Shooter']"
1070,"['Adventure', 'Platform']"
1071,"['Indie', 'Simulator']"
1072,"['Adventure', 'Indie', 'Platform', 'Shooter']"
1073,['RPG']
1074,"['Adventure', 'Shooter']"
1075,"['Shooter', 'Tactical']"
1076,"['Adventure', 'Brawler', 'Indie']"
1077,['Platform']
1078,['Racing']
1079,"['Adventure', 'Platform']"
1080,"['Adventure', 'Platform']"
1081,"['Adventure', 'Shooter', 'Tactical']"
1082,['Shooter']
1083,"['Adventure', 'Platform', 'Puzzle', 'Simulator', 'Strategy']"
1084,"['Adventure', 'Platform']"
1085,['Shooter']
1086,"['Adventure', 'Platform']"
1087,"['Adventure', 'RPG']"
1088,"['Adventure', 'Shooter']"
1089,"['Adventure', 'Platform', 'RPG']"
1090,"['Adventure', 'Point-and-Click', 'Puzzle', 'Visual Novel']"
1091,"['Adventure', 'Indie', 'Puzzle']"
1092,['Shooter']
1093,"['Adventure', 'RPG', 'Turn Based Strategy']"
1094,"['Adventure', 'Platform']"
1095,"['Adventure', 'Indie', 'Puzzle']"
1096,['Shooter']
1097,['Shooter']
1098,['Arcade']
1099,"['Adventure', 'Brawler', 'Shooter']"
1100,"['Adventure', 'Platform']"
1101,"['Adventure', 'Platform', 'Shooter']"
1102,"['Adventure', 'Indie', 'Puzzle', 'Simulator']"
1103,"['Adventure', 'Indie', 'Puzzle', 'RPG']"
1104,"['Adventure', 'Brawler', 'RPG']"
1105,"['Adventure', 'Shooter']"
1106,"['RPG', 'Turn Based Strategy']"
1107,['RPG']
1108,"['RPG', 'Strategy', 'Tactical', 'Turn Based Strategy']"
1109,['RPG']
1110,"['Point-and-Click', 'Puzzle', 'Visual Novel']"
1111,"['Adventure', 'RPG']"
1112,"['Adventure', 'Point-and-Click', 'Puzzle', 'Visual Novel']"
1113,"['Adventure', 'Indie', 'Shooter']"
1114,"['Adventure', 'Indie', 'Platform', 'Puzzle']"
1115,"['RPG', 'Strategy', 'Tactical']"
1116,"['Arcade', 'Brawler', 'Fighting', 'Indie']"
1117,['RPG']
1118,"['Adventure', 'Platform']"
1119,"['RPG', 'Shooter']"
1120,"['Adventure', 'Brawler']"
1121,"['Platform', 'Shooter']"
1122,"['Arcade', 'Fighting']"
1123,"['Adventure', 'Point-and-Click', 'Puzzle', 'Visual Novel']"
1124,['Platform']
1125,['Adventure']
1126,"['Arcade', 'Fighting']"
1127,['Adventure']
1128,['Adventure']
1129,"['RPG', 'Shooter']"
1130,['Adventure']
1131,"['Adventure', 'Brawler', 'Platform']"
1132,"['Adventure', 'Platform']"
1133,"['RPG', 'Shooter']"
1134,"['Adventure', 'Fighting']"
1135,"['Adventure', 'Arcade', 'Indie', 'Music', 'Platform']"
1136,"['Adventure', 'Strategy', 'Tactical', 'Turn Based Strategy']"
1137,['Shooter']
1138,"['Adventure', 'Puzzle', 'Shooter']"
1139,"['Indie', 'Shooter']"
1140,['Fighting']
1141,"['Adventure', 'Puzzle']"
1142,['Shooter']
1143,['Racing']
1144,"['Adventure', 'Indie', 'Platform']"
1145,"['Adventure', 'Indie']"
1146,"['Arcade', 'Indie', 'Simulator', 'Strategy', 'Tactical']"
1147,"['Adventure', 'Indie']"
1148,"['Adventure', 'Platform']"
1149,"['Adventure', 'Brawler', 'Indie', 'RPG']"
1150,"['Arcade', 'Racing']"
1151,"['Adventure', 'RPG']"
1152,"['Adventure', 'Real Time Strategy', 'RPG', 'Simulator', 'Strategy']"
1153,"['Indie', 'RPG', 'Simulator', 'Strategy']"
1154,"['Adventure', 'Platform', 'Sport']"
1155,"['Adventure', 'RPG', 'Turn Based Strategy']"
1156,"['RPG', 'Strategy']"
1157,"['Adventure', 'Shooter']"
1158,"['Adventure', 'Indie', 'Platform', 'Puzzle']"
1159,"['Adventure', 'Indie']"
1160,"['Adventure', 'Puzzle']"
1161,"['Adventure', 'Fighting']"
1162,"['Adventure', 'Platform']"
1163,"['Adventure', 'RPG']"
1164,"['RPG', 'Shooter', 'Strategy']"
1165,"['Adventure', 'Brawler', 'Puzzle', 'Shooter']"
1166,"['Adventure', 'Indie', 'Music', 'Platform']"
1167,"['Adventure', 'Shooter']"
1168,"['Adventure', 'Arcade', 'Platform', 'Racing', 'Shooter']"
1169,"['Adventure', 'Indie', 'Puzzle', 'RPG']"
1170,"['Adventure', 'Platform', 'RPG']"
1171,"['Adventure', 'Visual Novel']"
1172,['Adventure']
1173,"['Adventure', 'Indie', 'RPG']"
1174,"['Adventure', 'Shooter']"
1175,"['Adventure', 'Platform', 'Shooter']"
1176,"['Adventure', 'Brawler', 'RPG', 'Simulator']"
1177,"['Indie', 'RPG', 'Simulator']"
1178,['Racing']
1179,"['Adventure', 'Indie', 'Platform']"
1180,['Shooter']
1181,"['Adventure', 'Puzzle', 'RPG', 'Simulator', 'Visual Novel']"
1182,"['Adventure', 'RPG']"
1183,['Adventure']
1184,"['Adventure', 'Brawler']"
1185,"['Adventure', 'RPG']"
1186,"['Adventure', 'Platform']"
1187,"['Adventure', 'Platform', 'RPG']"
1188,"['Adventure', 'Indie', 'Platform', 'RPG']"
1189,"['Adventure', 'Platform', 'Racing']"
1190,"['Arcade', 'Fighting']"
1191,"['RPG', 'Strategy', 'Turn Based Strategy']"
1192,['RPG']
1193,['Brawler']
1194,"['Adventure', 'Platform']"
1195,"['Adventure', 'Indie', 'Shooter']"
1196,['Shooter']
1197,"['Adventure', 'RPG', 'Turn Based Strategy']"
1198,"['Adventure', 'Shooter']"
1199,['Racing']
1200,"['Adventure', 'RPG', 'Turn Based Strategy']"
1201,['Shooter']
1202,"['Adventure', 'Indie', 'RPG']"
1203,['Puzzle']
1204,"['Adventure', 'Puzzle']"
1205,['Brawler']
1206,"['Adventure', 'RPG', 'Turn Based Strategy']"
1207,"['Adventure', 'Platform']"
1208,"['Arcade', 'Indie', 'Shooter']"
1209,"['Adventure', 'RPG', 'Strategy']"
1210,"['Arcade', 'Fighting']"
1211,"['Adventure', 'Shooter']"
1212,['RPG']
1213,"['Adventure', 'Platform', 'Puzzle', 'Shooter']"
1214,"['Simulator', 'Sport']"
1215,"['Adventure', 'Shooter', 'Simulator', 'Strategy']"
1216,"['Adventure', 'Point-and-Click']"
1217,"['Adventure', 'Brawler']"
1218,"['Simulator', 'Strategy', 'Turn Based Strategy']"
1219,"['Adventure', 'Indie', 'Point-and-Click', 'RPG', 'Turn Based Strategy']"
1220,"['RPG', 'Strategy', 'Tactical', 'Turn Based Strategy']"
1221,"['Adventure', 'Simulator']"
1222,"['Adventure', 'Arcade', 'Indie', 'Platform', 'Shooter']"
1223,"['Adventure', 'Platform']"
1224,"['Adventure', 'Platform', 'Puzzle']"
1225,['RPG']
1226,"['Indie', 'RPG']"
1227,"['Brawler', 'Fighting']"
1228,"['Adventure', 'Platform']"
1229,"['Adventure', 'Indie', 'RPG', 'Turn Based Strategy']"
1230,"['Adventure', 'Brawler', 'Fighting']"
1231,"['Adventure', 'Platform', 'Puzzle']"
1232,"['Adventure', 'Brawler', 'Indie', 'Platform']"
1233,"['Adventure', 'RPG']"
1234,"['Adventure', 'RPG', 'Shooter']"
1235,['Shooter']
1236,"['Card & Board Game', 'Strategy', 'Turn Based Strategy']"
1237,['Brawler']
1238,"['Indie', 'Shooter']"
1239,['RPG']
1240,"['Adventure', 'Visual Novel']"
1241,"['Indie', 'Point-and-Click', 'Puzzle', 'RPG', 'Simulator']"
1242,"['Adventure', 'RPG', 'Shooter']"
1243,['RPG']
1244,"['Arcade', 'Fighting', 'Indie', 'Racing', 'Strategy']"
1245,['Visual Novel']
1246,"['Adventure', 'Brawler']"
1247,['Adventure']
1248,"['Adventure', 'RPG']"
1249,"['Adventure', 'Indie']"
1250,"['RPG', 'Turn Based Strategy']"
1251,"['Adventure', 'Indie']"
1252,"['Adventure', 'RPG']"
1253,"['RPG', 'Strategy', 'Tactical']"
1254,"['Adventure', 'Brawler', 'Indie', 'RPG', 'Simulator']"
1255,"['Adventure', 'Real Time Strategy']"
1256,"['Adventure', 'Indie', 'Point-and-Click', 'Simulator', 'Strategy']"
1257,"['Adventure', 'Simulator', 'Visual Novel']"
1258,"['Adventure', 'RPG']"
1259,"['Adventure', 'Point-and-Click', 'Puzzle', 'RPG', 'Visual Novel']"
1260,"['Adventure', 'Shooter']"
1261,"['RPG', 'Simulator', 'Strategy']"
1262,['Platform']
1263,"['Indie', 'RPG', 'Simulator', 'Strategy']"
1264,['Card & Board Game']
1265,"['Adventure', 'Simulator']"
1266,['Simulator']
1267,"['RPG', 'Strategy', 'Turn Based Strategy']"
1268,"['Adventure', 'Indie', 'Platform']"
1269,"['Adventure', 'RPG']"
1270,"['Indie', 'Strategy']"
1271,['Adventure']
1272,"['Adventure', 'RPG']"
1273,"['Adventure', 'Shooter']"
1274,"['Adventure', 'Arcade', 'Platform']"
1275,"['Adventure', 'RPG']"
1276,['Platform']
1277,"['Adventure', 'Indie', 'Platform']"
1278,['RPG']
1279,"['Adventure', 'Brawler', 'RPG', 'Simulator', 'Sport']"
1280,"['Arcade', 'Racing']"
1281,"['Adventure', 'Platform']"
1282,"['Adventure', 'Platform']"
1283,"['Indie', 'Real Time Strategy', 'Simulator', 'Strategy']"
1284,"['Point-and-Click', 'Puzzle', 'Visual Novel']"
1285,"['Adventure', 'Platform', 'Shooter']"
1286,"['Adventure', 'Visual Novel']"
1287,"['Adventure', 'RPG', 'Simulator']"
1288,"['Adventure', 'Platform', 'Shooter']"
1289,"['Adventure', 'Indie', 'Music', 'Platform', 'Puzzle']"
1290,"['Adventure', 'Puzzle']"
1291,"['Adventure', 'Puzzle', 'Strategy', 'Visual Novel']"
1292,['Adventure']
1293,['Platform']
1294,"['Adventure', 'Platform', 'Shooter']"
1295,"['Adventure', 'Shooter']"
1296,"['Adventure', 'Platform']"
1297,"['Adventure', 'Shooter']"
1298,"['Adventure', 'Fighting', 'RPG']"
1299,"['Adventure', 'RPG']"
1300,"['Adventure', 'RPG']"
1301,"['Adventure', 'Point-and-Click', 'Shooter', 'Visual Novel']"
1302,"['Adventure', 'Indie', 'RPG', 'Visual Novel']"
1303,['Shooter']
1304,"['Arcade', 'Indie', 'Puzzle', 'Shooter']"
1305,"['Brawler', 'RPG']"
1306,"['Adventure', 'RPG']"
1307,"['Adventure', 'Platform', 'Puzzle']"
1308,['Shooter']
1309,[]
1310,"['Real Time Strategy', 'Strategy']"
1311,"['Adventure', 'Visual Novel']"
1312,"['Card & Board Game', 'Indie', 'RPG', 'Simulator', 'Strategy']"
1313,"['Indie', 'Simulator', 'Strategy']"
1314,"['Adventure', 'Shooter']"
1315,"['Simulator', 'Strategy', 'Tactical', 'Turn Based Strategy']"
1316,"['Indie', 'Shooter']"
1317,"['Adventure', 'Indie', 'RPG', 'Simulator']"
1318,"['Adventure', 'RPG', 'Turn Based Strategy']"
1319,['Arcade']
1320,"['Fighting', 'RPG']"
1321,['Shooter']
1322,['RPG']
1323,"['Adventure', 'Arcade', 'Fighting', 'Indie']"
1324,['Puzzle']
1325,"['Puzzle', 'Strategy']"
1326,"['Adventure', 'Fighting', 'Platform']"
1327,"['Adventure', 'Indie', 'Point-and-Click']"
1328,"['Indie', 'Simulator', 'Strategy']"
1329,"['Adventure', 'Brawler', 'Fighting']"
1330,"['Adventure', 'RPG']"
1331,['Arcade']
1332,['Shooter']
1333,"['Adventure', 'RPG', 'Shooter', 'Strategy', 'Tactical']"
1334,"['Adventure', 'Shooter']"
1335,"['Adventure', 'Shooter']"
1336,"['Adventure', 'Arcade', 'Indie', 'RPG', 'Shooter']"
1337,"['Arcade', 'Indie', 'Music']"
1338,"['Adventure', 'Shooter']"
1339,"['Fighting', 'Platform']"
1340,"['Adventure', 'RPG']"
1341,['Arcade']
1342,"['Adventure', 'RPG', 'Shooter', 'Simulator', 'Strategy']"
1343,"['Brawler', 'RPG']"
1344,"['Indie', 'Puzzle', 'Quiz/Trivia', 'Strategy']"
1345,"['Adventure', 'RPG', 'Simulator']"
1346,['RPG']
1347,['Shooter']
1348,"['Adventure', 'RPG']"
1349,['RPG']
1350,['Simulator']
1351,['Puzzle']
1352,['Platform']
1353,['Card & Board Game']
1354,['Card & Board Game']
1355,['Puzzle']
1356,"['Indie', 'Simulator', 'Strategy', 'Tactical']"
1357,"['Adventure', 'Brawler']"
1358,"['Adventure', 'Platform', 'Puzzle']"
1359,"['RPG', 'Shooter']"
1360,['Platform']
1361,['Adventure']
1362,['Fighting']
1363,"['Adventure', 'RPG']"
1364,"['Adventure', 'Platform']"
1365,"['Arcade', 'Racing']"
1366,"['Adventure', 'Platform']"
1367,"['Adventure', 'Indie']"
1368,"['Adventure', 'Indie', 'Platform']"
1369,"['Adventure', 'Indie', 'Platform', 'Simulator', 'Strategy']"
1370,['Fighting']
1371,['Fighting']
1372,['Shooter']
1373,['Platform']
1374,"['Arcade', 'Brawler']"
1375,"['Adventure', 'Platform']"
1376,"['Adventure', 'Platform', 'Puzzle']"
1377,"['Adventure', 'Brawler', 'Platform']"
1378,['Brawler']
1379,['Shooter']
1380,"['Adventure', 'Shooter']"
1381,"['Real Time Strategy', 'Strategy']"
1382,"['Adventure', 'Brawler', 'RPG', 'Simulator', 'Sport']"
1383,['RPG']
1384,"['Adventure', 'Fighting', 'RPG']"
1385,['Puzzle']
1386,['Music']
1387,['Fighting']
1388,"['Music', 'Shooter']"
1389,"['Adventure', 'Real Time Strategy', 'Strategy', 'Tactical']"
1390,"['Adventure', 'Music']"
1391,"['Card & Board Game', 'Indie', 'Strategy', 'Turn Based Strategy']"
1392,['Fighting']
1393,['Fighting']
1394,"['Adventure', 'RPG', 'Turn Based Strategy']"
1395,"['Adventure', 'Puzzle']"
1396,['Racing']
1397,"['Arcade', 'Platform', 'Puzzle', 'Strategy']"
1398,"['Adventure', 'Indie', 'Platform']"
1399,['Arcade']
1400,['RPG']
1401,"['Adventure', 'Platform']"
1402,"['RPG', 'Strategy', 'Turn Based Strategy']"
1403,"['Adventure', 'Platform', 'RPG']"
1404,['RPG']
1405,['Shooter']
1406,"['RPG', 'Strategy', 'Tactical', 'Visual Novel']"
1407,"['Arcade', 'Fighting']"
1408,"['Indie', 'Music', 'Puzzle']"
1409,['Racing']
1410,"['Adventure', 'Point-and-Click', 'Puzzle']"
1411,"['Adventure', 'Shooter']"
1412,"['Adventure', 'Shooter', 'Tactical']"
1413,"['Adventure', 'Strategy', 'Tactical']"
1414,['Racing']
1415,"['Arcade', 'Fighting']"
1416,"['Adventure', 'Brawler', 'RPG']"
1417,"['Adventure', 'Indie', 'Point-and-Click', 'Puzzle']"
1418,"['Adventure', 'Brawler', 'Indie', 'Platform']"
1419,['RPG']
1420,['Shooter']
1421,['Sport']
1422,"['Platform', 'Shooter', 'Strategy']"
1423,['Fighting']
1424,['Fighting']
1425,['Adventure']
1426,"['Adventure', 'Platform']"
1427,['RPG']
1428,"['Platform', 'Shooter']"
1429,['Adventure']
1430,"['Adventure', 'Indie', 'Platform', 'Puzzle']"
1431,['Adventure']
1432,['Indie']
1433,['Shooter']
1434,['Sport']
1435,"['Adventure', 'RPG']"
1436,"['Platform', 'Puzzle']"
1437,"['Indie', 'RPG', 'Simulator', 'Strategy']"
1438,"['Adventure', 'Platform']"
1439,"['RPG', 'Shooter']"
1440,"['Adventure', 'Indie', 'Platform', 'RPG']"
1441,"['Adventure', 'Indie']"
1442,['Racing']
1443,"['Adventure', 'Visual Novel']"
1444,"['Indie', 'RPG', 'Strategy', 'Tactical', 'Turn Based Strategy']"
1445,"['Brawler', 'Platform']"
1446,"['Adventure', 'Indie', 'Point-and-Click', 'Puzzle']"
1447,"['Indie', 'Point-and-Click', 'Simulator']"
1448,"['Adventure', 'Shooter']"
1449,"['Adventure', 'Platform', 'Shooter']"
1450,['Sport']
1451,['Sport']
1452,"['Card & Board Game', 'Indie', 'Puzzle', 'Simulator']"
1453,"['Adventure', 'Indie', 'Platform', 'Puzzle', 'Strategy']"
1454,['Arcade']
1455,['Adventure']
1456,['Fighting']
1457,['Shooter']
1458,"['Adventure', 'Shooter']"
1459,"['Adventure', 'Indie', 'Shooter', 'Strategy']"
1460,"['Adventure', 'Brawler']"
1461,['RPG']
1462,"['Brawler', 'Fighting', 'Indie']"
1463,['Sport']
1464,"['Arcade', 'Indie', 'Music', 'Platform']"
1465,"['Adventure', 'Arcade', 'Pinball']"
1466,"['Simulator', 'Sport']"
1467,"['Adventure', 'Indie', 'Platform', 'Puzzle']"
1468,"['Brawler', 'Fighting']"
1469,['Fighting']
1470,"['Adventure', 'Visual Novel']"
1471,"['Adventure', 'Visual Novel']"
1472,"['Adventure', 'Visual Novel']"
1473,"['Adventure', 'Platform']"
1474,"['Adventure', 'Platform', 'Shooter']"
1475,[]
1476,"['Arcade', 'Simulator']"
1477,"['Fighting', 'Racing', 'Shooter']"
1478,"['RPG', 'Strategy']"
1479,['RPG']
1480,"['Indie', 'Puzzle', 'Quiz/Trivia', 'Strategy']"
1481,"['Shooter', 'Tactical']"
1482,['Shooter']
1483,"['Adventure', 'Brawler', 'Fighting', 'RPG']"
1484,['Adventure']
1485,"['Adventure', 'Indie', 'RPG', 'Turn Based Strategy']"
1486,"['Puzzle', 'Strategy']"
1487,"['Adventure', 'Indie', 'RPG', 'Turn Based Strategy']"
1488,['Fighting']
1489,"['Brawler', 'RPG']"
1490,"['Adventure', 'Racing', 'Shooter']"
1491,"['Real Time Strategy', 'Simulator', 'Strategy']"
1492,"['Adventure', 'Arcade', 'Platform']"
1493,['Music']
1494,"['Adventure', 'Fighting']"
1495,"['Adventure', 'Arcade', 'Platform', 'Shooter']"
1496,"['Simulator', 'Sport']"
1497,['Fighting']
1498,['Shooter']
1499,"['Fighting', 'Sport']"
1500,"['Adventure', 'Indie', 'RPG']"
1501,"['Adventure', 'Racing', 'Shooter']"
1502,['Platform']
1503,['Fighting']
1504,"['Simulator', 'Strategy', 'Tactical']"
1505,['Fighting']
1506,"['Adventure', 'Platform', 'Puzzle']"
1507,"['Adventure', 'Point-and-Click']"
1508,"['Arcade', 'Racing']"
1509,"['Brawler', 'RPG']"
1510,"['Adventure', 'RPG', 'Strategy', 'Tactical', 'Turn Based Strategy']"
1511,"['Adventure', 'Puzzle']"